Module,Public import path,Kind,Defined by,Layer,Decision,Target / group,Notes
stormpy,stormpy.ActionMaskDouble,class,stormpy._core,C++ binding,CONSOLIDATE,stormpy.ActionMask,Value-type specialization; expose one Python dispatcher or facade.
stormpy,stormpy.Add_Sylvan_Double,class,stormpy.storage._storage,C++ binding,ALIAS,stormpy.storage.Add_Sylvan_Double,Prefer the domain-oriented import; retain this flattened path during migration.
stormpy,stormpy.AddIterator_Sylvan_Double,class,stormpy.storage._storage,C++ binding,ALIAS,stormpy.storage.AddIterator_Sylvan_Double,Prefer the domain-oriented import; retain this flattened path during migration.
stormpy,stormpy.AddUncertaintyDouble,class,stormpy._core,C++ binding,CONSOLIDATE,stormpy.AddUncertainty,Value-type specialization; expose one Python dispatcher or facade.
stormpy,stormpy.AddUncertaintyExact,class,stormpy._core,C++ binding,CONSOLIDATE,stormpy.AddUncertainty,Value-type specialization; expose one Python dispatcher or facade.
stormpy,stormpy.ArrayType,class,stormpy.storage._storage,C++ binding,ALIAS,stormpy.storage.ArrayType,Prefer the domain-oriented import; retain this flattened path during migration.
stormpy,stormpy.AtomicExpressionFormula,class,stormpy.logic._logic,C++ binding,ALIAS,stormpy.logic.AtomicExpressionFormula,Prefer the domain-oriented import; retain this flattened path during migration.
stormpy,stormpy.AtomicLabelFormula,class,stormpy.logic._logic,C++ binding,ALIAS,stormpy.logic.AtomicLabelFormula,Prefer the domain-oriented import; retain this flattened path during migration.
stormpy,stormpy.BasicType,class,stormpy.storage._storage,C++ binding,ALIAS,stormpy.storage.BasicType,Prefer the domain-oriented import; retain this flattened path during migration.
stormpy,stormpy.Bdd_Sylvan,class,stormpy.storage._storage,C++ binding,ALIAS,stormpy.storage.Bdd_Sylvan,Prefer the domain-oriented import; retain this flattened path during migration.
stormpy,stormpy.BinaryBooleanOperatorType,enum,stormpy.logic._logic,C++ binding,ALIAS,stormpy.logic.BinaryBooleanOperatorType,Prefer the domain-oriented import; retain this flattened path during migration.
stormpy,stormpy.BinaryPathFormula,class,stormpy.logic._logic,C++ binding,ALIAS,stormpy.logic.BinaryPathFormula,Prefer the domain-oriented import; retain this flattened path during migration.
stormpy,stormpy.BinaryStateFormula,class,stormpy.logic._logic,C++ binding,ALIAS,stormpy.logic.BinaryStateFormula,Prefer the domain-oriented import; retain this flattened path during migration.
stormpy,stormpy.BisimulationOptionsDd,class,stormpy._core,C++ binding,KEEP,,
stormpy,stormpy.BisimulationType,enum,stormpy._core,C++ binding,KEEP,,
stormpy,stormpy.BitVector,class,stormpy.storage._storage,C++ binding,ALIAS,stormpy.storage.BitVector,Prefer the domain-oriented import; retain this flattened path during migration.
stormpy,stormpy.BooleanBinaryStateFormula,class,stormpy.logic._logic,C++ binding,ALIAS,stormpy.logic.BooleanBinaryStateFormula,Prefer the domain-oriented import; retain this flattened path during migration.
stormpy,stormpy.BooleanLiteralFormula,class,stormpy.logic._logic,C++ binding,ALIAS,stormpy.logic.BooleanLiteralFormula,Prefer the domain-oriented import; retain this flattened path during migration.
stormpy,stormpy.BoundedType,class,stormpy.storage._storage,C++ binding,ALIAS,stormpy.storage.BoundedType,Prefer the domain-oriented import; retain this flattened path during migration.
stormpy,stormpy.BoundedUntilFormula,class,stormpy.logic._logic,C++ binding,ALIAS,stormpy.logic.BoundedUntilFormula,Prefer the domain-oriented import; retain this flattened path during migration.
stormpy,stormpy.build_exact_interval_model_from_drn,function,stormpy,Python,KEEP,,
stormpy,stormpy.build_from_umb,function,stormpy,Python,KEEP,,
stormpy,stormpy.build_interval_model_from_drn,function,stormpy,Python,KEEP,,
stormpy,stormpy.build_model,function,stormpy,Python,KEEP,,
stormpy,stormpy.build_model_from_drn,function,stormpy,Python,KEEP,,
stormpy,stormpy.build_parametric_model,function,stormpy,Python,KEEP,,
stormpy,stormpy.build_parametric_model_from_drn,function,stormpy,Python,KEEP,,
stormpy,stormpy.build_parametric_sparse_matrix,function,stormpy.storage,Python,ALIAS,stormpy.storage.build_parametric_sparse_matrix,Prefer the domain-oriented import; retain this flattened path during migration.
stormpy,stormpy.build_sparse_exact_interval_model,function,stormpy,Python,KEEP,,
stormpy,stormpy.build_sparse_exact_interval_model_with_options,function,stormpy._core,C++ binding,CONSOLIDATE,stormpy.build_sparse_model_with_options,Value-type specialization; expose one Python dispatcher or facade.
stormpy,stormpy.build_sparse_exact_model,function,stormpy,Python,KEEP,,
stormpy,stormpy.build_sparse_exact_model_with_options,function,stormpy._core,C++ binding,CONSOLIDATE,stormpy.build_sparse_model_with_options,Value-type specialization; expose one Python dispatcher or facade.
stormpy,stormpy.build_sparse_interval_model,function,stormpy,Python,KEEP,,
stormpy,stormpy.build_sparse_interval_model_with_options,function,stormpy._core,C++ binding,CONSOLIDATE,stormpy.build_sparse_model_with_options,Value-type specialization; expose one Python dispatcher or facade.
stormpy,stormpy.build_sparse_matrix,function,stormpy.storage,Python,ALIAS,stormpy.storage.build_sparse_matrix,Prefer the domain-oriented import; retain this flattened path during migration.
stormpy,stormpy.build_sparse_model,function,stormpy,Python,KEEP,,
stormpy,stormpy.build_sparse_model_from_explicit,function,stormpy._core,C++ binding,KEEP,,
stormpy,stormpy.build_sparse_model_with_options,function,stormpy._core,C++ binding,KEEP,,
stormpy,stormpy.build_sparse_parametric_model,function,stormpy,Python,KEEP,,
stormpy,stormpy.build_sparse_parametric_model_with_options,function,stormpy._core,C++ binding,CONSOLIDATE,stormpy.build_sparse_model_with_options,Value-type specialization; expose one Python dispatcher or facade.
stormpy,stormpy.build_symbolic_model,function,stormpy,Python,KEEP,,
stormpy,stormpy.build_symbolic_parametric_model,function,stormpy,Python,KEEP,,
stormpy,stormpy.BuilderOptions,class,stormpy._core,C++ binding,KEEP,,
stormpy,stormpy.check_exact_interval_dtmc,function,stormpy._core,C++ binding,CONSOLIDATE,stormpy.check_dtmc,Value-type specialization; expose one Python dispatcher or facade.
stormpy,stormpy.check_exact_interval_mdp,function,stormpy._core,C++ binding,CONSOLIDATE,stormpy.check_mdp,Value-type specialization; expose one Python dispatcher or facade.
stormpy,stormpy.check_interval_dtmc,function,stormpy._core,C++ binding,CONSOLIDATE,stormpy.check_dtmc,Value-type specialization; expose one Python dispatcher or facade.
stormpy,stormpy.check_interval_mdp,function,stormpy._core,C++ binding,CONSOLIDATE,stormpy.check_mdp,Value-type specialization; expose one Python dispatcher or facade.
stormpy,stormpy.check_model_dd,function,stormpy,Python,KEEP,,
stormpy,stormpy.check_model_hybrid,function,stormpy,Python,KEEP,,
stormpy,stormpy.check_model_sparse,function,stormpy,Python,KEEP,,
stormpy,stormpy.CheckTask,class,stormpy._core,C++ binding,KEEP,,
stormpy,stormpy.ChoiceLabeling,class,stormpy.storage._storage,C++ binding,ALIAS,stormpy.storage.ChoiceLabeling,Prefer the domain-oriented import; retain this flattened path during migration.
stormpy,stormpy.ChoiceOrigins,class,stormpy.storage._storage,C++ binding,ALIAS,stormpy.storage.ChoiceOrigins,Prefer the domain-oriented import; retain this flattened path during migration.
stormpy,stormpy.cln,module,stormpy.pycarl.cln,Python,PRIVATE,stormpy.pycarl.cln,Imported implementation/helper module; do not expose as API.
stormpy,stormpy.ClockType,class,stormpy.storage._storage,C++ binding,ALIAS,stormpy.storage.ClockType,Prefer the domain-oriented import; retain this flattened path during migration.
stormpy,stormpy.collect_information,function,stormpy.storage._storage,C++ binding,ALIAS,stormpy.storage.collect_information,Prefer the domain-oriented import; retain this flattened path during migration.
stormpy,stormpy.ComparisonType,enum,stormpy.logic._logic,C++ binding,ALIAS,stormpy.logic.ComparisonType,Prefer the domain-oriented import; retain this flattened path during migration.
stormpy,stormpy.CompressionMode,enum,stormpy.storage._storage,C++ binding,ALIAS,stormpy.storage.CompressionMode,Prefer the domain-oriented import; retain this flattened path during migration.
stormpy,stormpy.compute_all_until_probabilities,function,stormpy._core,C++ binding,KEEP,,
stormpy,stormpy.compute_expected_number_of_visits,function,stormpy,Python,KEEP,,
stormpy,stormpy.compute_prob01_states,function,stormpy,Python,KEEP,,
stormpy,stormpy.compute_prob01max_states,function,stormpy,Python,KEEP,,
stormpy,stormpy.compute_prob01min_states,function,stormpy,Python,KEEP,,
stormpy,stormpy.compute_steady_state_distribution,function,stormpy,Python,KEEP,,
stormpy,stormpy.compute_transient_probabilities,function,stormpy._core,C++ binding,KEEP,,
stormpy,stormpy.ConditionalAlgorithmSetting,enum,stormpy._core,C++ binding,KEEP,,
stormpy,stormpy.ConditionalFormula,class,stormpy.logic._logic,C++ binding,ALIAS,stormpy.logic.ConditionalFormula,Prefer the domain-oriented import; retain this flattened path during migration.
stormpy,stormpy.ConditionalModelCheckerEnvironment,class,stormpy._core,C++ binding,KEEP,,
stormpy,stormpy.ConstraintCollector,class,stormpy._core,C++ binding,KEEP,,
stormpy,stormpy.construct_submodel,function,stormpy,Python,KEEP,,
stormpy,stormpy.ContinuousType,class,stormpy.storage._storage,C++ binding,ALIAS,stormpy.storage.ContinuousType,Prefer the domain-oriented import; retain this flattened path during migration.
stormpy,stormpy.create_filter_initial_states_sparse,function,stormpy._core,C++ binding,KEEP,,
stormpy,stormpy.create_filter_initial_states_sparseExact,function,stormpy._core,C++ binding,CONSOLIDATE,stormpy.create_filter_initial_states_sparse,Value-type specialization; expose one Python dispatcher or facade.
stormpy,stormpy.create_filter_initial_states_symbolic,function,stormpy._core,C++ binding,KEEP,,
stormpy,stormpy.create_filter_initial_states_symbolicExact,function,stormpy._core,C++ binding,CONSOLIDATE,stormpy.create_filter_initial_states_symbolic,Value-type specialization; expose one Python dispatcher or facade.
stormpy,stormpy.create_filter_symbolic,function,stormpy._core,C++ binding,KEEP,,
stormpy,stormpy.create_filter_symbolicExact,function,stormpy._core,C++ binding,CONSOLIDATE,stormpy.create_filter_symbolic,Value-type specialization; expose one Python dispatcher or facade.
stormpy,stormpy.CuddDdManagerEnvironment,class,stormpy._core,C++ binding,KEEP,,
stormpy,stormpy.CuddReorderingTechnique,enum,stormpy._core,C++ binding,KEEP,,
stormpy,stormpy.CumulativeRewardFormula,class,stormpy.logic._logic,C++ binding,ALIAS,stormpy.logic.CumulativeRewardFormula,Prefer the domain-oriented import; retain this flattened path during migration.
stormpy,stormpy.Dd_Sylvan,class,stormpy.storage._storage,C++ binding,ALIAS,stormpy.storage.Dd_Sylvan,Prefer the domain-oriented import; retain this flattened path during migration.
stormpy,stormpy.DdEnvironment,class,stormpy._core,C++ binding,KEEP,,
stormpy,stormpy.DdManager_Sylvan,class,stormpy.storage._storage,C++ binding,ALIAS,stormpy.storage.DdManager_Sylvan,Prefer the domain-oriented import; retain this flattened path during migration.
stormpy,stormpy.DdMetaVariable_Sylvan,class,stormpy.storage._storage,C++ binding,ALIAS,stormpy.storage.DdMetaVariable_Sylvan,Prefer the domain-oriented import; retain this flattened path during migration.
stormpy,stormpy.DdMetaVariableType,enum,stormpy.storage._storage,C++ binding,ALIAS,stormpy.storage.DdMetaVariableType,Prefer the domain-oriented import; retain this flattened path during migration.
stormpy,stormpy.deprecated,function,deprecated.sphinx,external,ALIAS,stormpy.storage.deprecated,Prefer the domain-oriented import; retain this flattened path during migration.
stormpy,stormpy.DiceStringVisitor,class,stormpy.storage._storage,C++ binding,ALIAS,stormpy.storage.DiceStringVisitor,Prefer the domain-oriented import; retain this flattened path during migration.
stormpy,stormpy.DirectEncodingExporterOptions,class,stormpy._core,C++ binding,KEEP,,
stormpy,stormpy.DirectEncodingParserOptions,class,stormpy._core,C++ binding,KEEP,,
stormpy,stormpy.Distribution,class,stormpy.storage._storage,C++ binding,ALIAS,stormpy.storage.Distribution,Prefer the domain-oriented import; retain this flattened path during migration.
stormpy,stormpy.DistributionExact,class,stormpy.storage._storage,C++ binding,ALIAS,stormpy.storage.DistributionExact,Prefer the domain-oriented import; retain this flattened path during migration.
stormpy,stormpy.DistributionInterval,class,stormpy.storage._storage,C++ binding,ALIAS,stormpy.storage.DistributionInterval,Prefer the domain-oriented import; retain this flattened path during migration.
stormpy,stormpy.DistributionRationalInterval,class,stormpy.storage._storage,C++ binding,ALIAS,stormpy.storage.DistributionRationalInterval,Prefer the domain-oriented import; retain this flattened path during migration.
stormpy,stormpy.eliminate_ECs,function,stormpy,Python,KEEP,,
stormpy,stormpy.eliminate_non_markovian_chains,function,stormpy,Python,KEEP,,
stormpy,stormpy.eliminate_reward_accumulations,function,stormpy.storage._storage,C++ binding,ALIAS,stormpy.storage.eliminate_reward_accumulations,Prefer the domain-oriented import; retain this flattened path during migration.
stormpy,stormpy.EliminationLabelBehavior,enum,stormpy._core,C++ binding,KEEP,,
stormpy,stormpy.EndComponentEliminatorReturnTypeDouble,class,stormpy._core,C++ binding,CONSOLIDATE,stormpy.EndComponentEliminatorReturnType,Value-type specialization; expose one Python dispatcher or facade.
stormpy,stormpy.EndComponentEliminatorReturnTypeExact,class,stormpy._core,C++ binding,CONSOLIDATE,stormpy.EndComponentEliminatorReturnType,Value-type specialization; expose one Python dispatcher or facade.
stormpy,stormpy.EndComponentEliminatorReturnTypeInterval,class,stormpy._core,C++ binding,CONSOLIDATE,stormpy.EndComponentEliminatorReturnType,Value-type specialization; expose one Python dispatcher or facade.
stormpy,stormpy.EndComponentEliminatorReturnTypeRatFunc,class,stormpy._core,C++ binding,CONSOLIDATE,stormpy.EndComponentEliminatorReturnType,Value-type specialization; expose one Python dispatcher or facade.
stormpy,stormpy.EndComponentEliminatorReturnTypeRationalInterval,class,stormpy._core,C++ binding,CONSOLIDATE,stormpy.EndComponentEliminatorReturnType,Value-type specialization; expose one Python dispatcher or facade.
stormpy,stormpy.Enum,enum,enum,external,PRIVATE,,Accidentally imported external helper; not stormpy API.
stormpy,stormpy.Environment,class,stormpy._core,C++ binding,KEEP,,
stormpy,stormpy.EquationSolverType,enum,stormpy._core,C++ binding,KEEP,,
stormpy,stormpy.EventuallyFormula,class,stormpy.logic._logic,C++ binding,ALIAS,stormpy.logic.EventuallyFormula,Prefer the domain-oriented import; retain this flattened path during migration.
stormpy,stormpy.ExactCheckTask,class,stormpy._core,C++ binding,CONSOLIDATE,stormpy.CheckTask,Value-type specialization; expose one Python dispatcher or facade.
stormpy,stormpy.ExactParetoCurveCheckResult,class,stormpy._core,C++ binding,CONSOLIDATE,stormpy.ParetoCurveCheckResult,Value-type specialization; expose one Python dispatcher or facade.
stormpy,stormpy.ExactSparseMatrix,class,stormpy.storage._storage,C++ binding,ALIAS,stormpy.storage.ExactSparseMatrix,Prefer the domain-oriented import; retain this flattened path during migration.
stormpy,stormpy.ExactSparseMatrixBuilder,class,stormpy.storage._storage,C++ binding,ALIAS,stormpy.storage.ExactSparseMatrixBuilder,Prefer the domain-oriented import; retain this flattened path during migration.
stormpy,stormpy.ExactSparseMatrixEntry,class,stormpy.storage._storage,C++ binding,ALIAS,stormpy.storage.ExactSparseMatrixEntry,Prefer the domain-oriented import; retain this flattened path during migration.
stormpy,stormpy.ExactSparseMatrixRows,class,stormpy.storage._storage,C++ binding,ALIAS,stormpy.storage.ExactSparseMatrixRows,Prefer the domain-oriented import; retain this flattened path during migration.
stormpy,stormpy.exceptions,module,stormpy.exceptions,Python,KEEP,,
stormpy,stormpy.ExplicitExactIntervalModelBuilderOptions,class,stormpy._core,C++ binding,CONSOLIDATE,stormpy.ExplicitModelBuilderOptions,Value-type specialization; expose one Python dispatcher or facade.
stormpy,stormpy.ExplicitExactModelBuilderOptions,class,stormpy._core,C++ binding,CONSOLIDATE,stormpy.ExplicitModelBuilderOptions,Value-type specialization; expose one Python dispatcher or facade.
stormpy,stormpy.ExplicitExactParetoCurveCheckResult,class,stormpy._core,C++ binding,CONSOLIDATE,stormpy.ExplicitParetoCurveCheckResult,Value-type specialization; expose one Python dispatcher or facade.
stormpy,stormpy.ExplicitExactQualitativeCheckResult,class,stormpy._core,C++ binding,CONSOLIDATE,stormpy.ExplicitQualitativeCheckResult,Value-type specialization; expose one Python dispatcher or facade.
stormpy,stormpy.ExplicitExactQuantitativeCheckResult,class,stormpy._core,C++ binding,CONSOLIDATE,stormpy.ExplicitQuantitativeCheckResult,Value-type specialization; expose one Python dispatcher or facade.
stormpy,stormpy.ExplicitIntervalModelBuilderOptions,class,stormpy._core,C++ binding,CONSOLIDATE,stormpy.ExplicitModelBuilderOptions,Value-type specialization; expose one Python dispatcher or facade.
stormpy,stormpy.ExplicitModelBuilder,class,stormpy._core,C++ binding,KEEP,,
stormpy,stormpy.ExplicitModelBuilderOptions,class,stormpy._core,C++ binding,KEEP,,
stormpy,stormpy.ExplicitModelCheckerHintDouble,class,stormpy._core,C++ binding,CONSOLIDATE,stormpy.ExplicitModelCheckerHint,Value-type specialization; expose one Python dispatcher or facade.
stormpy,stormpy.ExplicitModelParserOptions,class,stormpy._core,C++ binding,KEEP,,
stormpy,stormpy.ExplicitParametricModelBuilder,class,stormpy._core,C++ binding,CONSOLIDATE,stormpy.ExplicitModelBuilder,Value-type specialization; expose one Python dispatcher or facade.
stormpy,stormpy.ExplicitParametricModelBuilderOptions,class,stormpy._core,C++ binding,CONSOLIDATE,stormpy.ExplicitModelBuilderOptions,Value-type specialization; expose one Python dispatcher or facade.
stormpy,stormpy.ExplicitParametricQualitativeCheckResult,class,stormpy._core,C++ binding,CONSOLIDATE,stormpy.ExplicitQualitativeCheckResult,Value-type specialization; expose one Python dispatcher or facade.
stormpy,stormpy.ExplicitParametricQuantitativeCheckResult,class,stormpy._core,C++ binding,CONSOLIDATE,stormpy.ExplicitQuantitativeCheckResult,Value-type specialization; expose one Python dispatcher or facade.
stormpy,stormpy.ExplicitParetoCurveCheckResult,class,stormpy._core,C++ binding,KEEP,,
stormpy,stormpy.ExplicitQualitativeCheckResult,class,stormpy._core,C++ binding,KEEP,,
stormpy,stormpy.ExplicitQuantitativeCheckResult,class,stormpy._core,C++ binding,KEEP,,
stormpy,stormpy.ExplicitStateLookup,class,stormpy._core,C++ binding,KEEP,,
stormpy,stormpy.ExplorationOrder,enum,stormpy._core,C++ binding,KEEP,,
stormpy,stormpy.export_jani_to_file,function,stormpy.storage._storage,C++ binding,ALIAS,stormpy.storage.export_jani_to_file,Prefer the domain-oriented import; retain this flattened path during migration.
stormpy,stormpy.export_to_drn,function,stormpy,Python,KEEP,,
stormpy,stormpy.export_to_umb,function,stormpy,Python,KEEP,,
stormpy,stormpy.Expression,class,stormpy.storage._storage,C++ binding,ALIAS,stormpy.storage.Expression,Prefer the domain-oriented import; retain this flattened path during migration.
stormpy,stormpy.ExpressionManager,class,stormpy.storage._storage,C++ binding,ALIAS,stormpy.storage.ExpressionManager,Prefer the domain-oriented import; retain this flattened path during migration.
stormpy,stormpy.ExpressionParser,class,stormpy.storage._storage,C++ binding,ALIAS,stormpy.storage.ExpressionParser,Prefer the domain-oriented import; retain this flattened path during migration.
stormpy,stormpy.ExpressionType,class,stormpy.storage._storage,C++ binding,ALIAS,stormpy.storage.ExpressionType,Prefer the domain-oriented import; retain this flattened path during migration.
stormpy,stormpy.FactorizedPolynomial,class,stormpy.pycarl.cln,Python,KEEP,,
stormpy,stormpy.FactorizedRationalFunction,class,stormpy.pycarl.cln,Python,KEEP,,
stormpy,stormpy.FlatSet,class,stormpy._core,C++ binding,KEEP,,
stormpy,stormpy.Formula,class,stormpy.logic._logic,C++ binding,ALIAS,stormpy.logic.Formula,Prefer the domain-oriented import; retain this flattened path during migration.
stormpy,stormpy.GameFormula,class,stormpy.logic._logic,C++ binding,ALIAS,stormpy.logic.GameFormula,Prefer the domain-oriented import; retain this flattened path during migration.
stormpy,stormpy.get_maximal_end_components,function,stormpy.storage,Python,ALIAS,stormpy.storage.get_maximal_end_components,Prefer the domain-oriented import; retain this flattened path during migration.
stormpy,stormpy.get_reachable_states,function,stormpy,Python,KEEP,,
stormpy,stormpy.GloballyFormula,class,stormpy.logic._logic,C++ binding,ALIAS,stormpy.logic.GloballyFormula,Prefer the domain-oriented import; retain this flattened path during migration.
stormpy,stormpy.gmp,module,stormpy.pycarl.gmp,Python,PRIVATE,stormpy.pycarl.gmp,Imported implementation/helper module; do not expose as API.
stormpy,stormpy.HybridExactQuantitativeCheckResult,class,stormpy._core,C++ binding,CONSOLIDATE,stormpy.HybridQuantitativeCheckResult,Value-type specialization; expose one Python dispatcher or facade.
stormpy,stormpy.HybridParametricQuantitativeCheckResult,class,stormpy._core,C++ binding,CONSOLIDATE,stormpy.HybridQuantitativeCheckResult,Value-type specialization; expose one Python dispatcher or facade.
stormpy,stormpy.HybridQuantitativeCheckResult,class,stormpy._core,C++ binding,KEEP,,
stormpy,stormpy.import_umb,function,stormpy.storage._storage,C++ binding,ALIAS,stormpy.storage.import_umb,Prefer the domain-oriented import; retain this flattened path during migration.
stormpy,stormpy.install_signal_handlers,function,stormpy._core,C++ binding,KEEP,,
stormpy,stormpy.InstantaneousRewardFormula,class,stormpy.logic._logic,C++ binding,ALIAS,stormpy.logic.InstantaneousRewardFormula,Prefer the domain-oriented import; retain this flattened path during migration.
stormpy,stormpy.IntervalSparseMatrix,class,stormpy.storage._storage,C++ binding,ALIAS,stormpy.storage.IntervalSparseMatrix,Prefer the domain-oriented import; retain this flattened path during migration.
stormpy,stormpy.IntervalSparseMatrixBuilder,class,stormpy.storage._storage,C++ binding,ALIAS,stormpy.storage.IntervalSparseMatrixBuilder,Prefer the domain-oriented import; retain this flattened path during migration.
stormpy,stormpy.IntervalSparseMatrixEntry,class,stormpy.storage._storage,C++ binding,ALIAS,stormpy.storage.IntervalSparseMatrixEntry,Prefer the domain-oriented import; retain this flattened path during migration.
stormpy,stormpy.IntervalSparseMatrixRows,class,stormpy.storage._storage,C++ binding,ALIAS,stormpy.storage.IntervalSparseMatrixRows,Prefer the domain-oriented import; retain this flattened path during migration.
stormpy,stormpy.ItemLabeling,class,stormpy.storage._storage,C++ binding,ALIAS,stormpy.storage.ItemLabeling,Prefer the domain-oriented import; retain this flattened path during migration.
stormpy,stormpy.JaniAssignment,class,stormpy.storage._storage,C++ binding,ALIAS,stormpy.storage.JaniAssignment,Prefer the domain-oriented import; retain this flattened path during migration.
stormpy,stormpy.JaniAutomaton,class,stormpy.storage._storage,C++ binding,ALIAS,stormpy.storage.JaniAutomaton,Prefer the domain-oriented import; retain this flattened path during migration.
stormpy,stormpy.JaniChoiceOrigins,class,stormpy.storage._storage,C++ binding,ALIAS,stormpy.storage.JaniChoiceOrigins,Prefer the domain-oriented import; retain this flattened path during migration.
stormpy,stormpy.JaniConstant,class,stormpy.storage._storage,C++ binding,ALIAS,stormpy.storage.JaniConstant,Prefer the domain-oriented import; retain this flattened path during migration.
stormpy,stormpy.JaniEdge,class,stormpy.storage._storage,C++ binding,ALIAS,stormpy.storage.JaniEdge,Prefer the domain-oriented import; retain this flattened path during migration.
stormpy,stormpy.JaniEdgeDestination,class,stormpy.storage._storage,C++ binding,ALIAS,stormpy.storage.JaniEdgeDestination,Prefer the domain-oriented import; retain this flattened path during migration.
stormpy,stormpy.JaniInformationObject,class,stormpy.storage._storage,C++ binding,ALIAS,stormpy.storage.JaniInformationObject,Prefer the domain-oriented import; retain this flattened path during migration.
stormpy,stormpy.JaniLocation,class,stormpy.storage._storage,C++ binding,ALIAS,stormpy.storage.JaniLocation,Prefer the domain-oriented import; retain this flattened path during migration.
stormpy,stormpy.JaniLocationExpander,class,stormpy.storage._storage,C++ binding,ALIAS,stormpy.storage.JaniLocationExpander,Prefer the domain-oriented import; retain this flattened path during migration.
stormpy,stormpy.JaniModel,class,stormpy.storage._storage,C++ binding,ALIAS,stormpy.storage.JaniModel,Prefer the domain-oriented import; retain this flattened path during migration.
stormpy,stormpy.JaniModelType,enum,stormpy._core,C++ binding,KEEP,,
stormpy,stormpy.JaniOrderedAssignments,class,stormpy.storage._storage,C++ binding,ALIAS,stormpy.storage.JaniOrderedAssignments,Prefer the domain-oriented import; retain this flattened path during migration.
stormpy,stormpy.JaniScopeChanger,class,stormpy.storage._storage,C++ binding,ALIAS,stormpy.storage.JaniScopeChanger,Prefer the domain-oriented import; retain this flattened path during migration.
stormpy,stormpy.JaniTemplateEdge,class,stormpy.storage._storage,C++ binding,ALIAS,stormpy.storage.JaniTemplateEdge,Prefer the domain-oriented import; retain this flattened path during migration.
stormpy,stormpy.JaniTemplateEdgeDestination,class,stormpy.storage._storage,C++ binding,ALIAS,stormpy.storage.JaniTemplateEdgeDestination,Prefer the domain-oriented import; retain this flattened path during migration.
stormpy,stormpy.JaniType,class,stormpy.storage._storage,C++ binding,ALIAS,stormpy.storage.JaniType,Prefer the domain-oriented import; retain this flattened path during migration.
stormpy,stormpy.JaniVariable,class,stormpy.storage._storage,C++ binding,ALIAS,stormpy.storage.JaniVariable,Prefer the domain-oriented import; retain this flattened path during migration.
stormpy,stormpy.JaniVariableSet,class,stormpy.storage._storage,C++ binding,ALIAS,stormpy.storage.JaniVariableSet,Prefer the domain-oriented import; retain this flattened path during migration.
stormpy,stormpy.logic,module,stormpy.logic,Python,KEEP,,
stormpy,stormpy.LongRunAvarageOperator,class,stormpy.logic._logic,C++ binding,ALIAS,stormpy.logic.LongRunAvarageOperator,Prefer the domain-oriented import; retain this flattened path during migration.
stormpy,stormpy.LongRunAverageRewardFormula,class,stormpy.logic._logic,C++ binding,ALIAS,stormpy.logic.LongRunAverageRewardFormula,Prefer the domain-oriented import; retain this flattened path during migration.
stormpy,stormpy.make_sparse_model_builder,function,stormpy._core,C++ binding,KEEP,,
stormpy,stormpy.make_sparse_model_builder_exact,function,stormpy._core,C++ binding,CONSOLIDATE,stormpy.make_sparse_model_builder,Value-type specialization; expose one Python dispatcher or facade.
stormpy,stormpy.make_sparse_model_builder_parametric,function,stormpy._core,C++ binding,CONSOLIDATE,stormpy.make_sparse_model_builder,Value-type specialization; expose one Python dispatcher or facade.
stormpy,stormpy.make_weighted_objective_mdp_model_checker,function,stormpy,Python,KEEP,,
stormpy,stormpy.MaximalEndComponent,class,stormpy.storage._storage,C++ binding,ALIAS,stormpy.storage.MaximalEndComponent,Prefer the domain-oriented import; retain this flattened path during migration.
stormpy,stormpy.MaximalEndComponentDecomposition_double,class,stormpy.storage._storage,C++ binding,ALIAS,stormpy.storage.MaximalEndComponentDecomposition_double,Prefer the domain-oriented import; retain this flattened path during migration.
stormpy,stormpy.MaximalEndComponentDecomposition_exact,class,stormpy.storage._storage,C++ binding,ALIAS,stormpy.storage.MaximalEndComponentDecomposition_exact,Prefer the domain-oriented import; retain this flattened path during migration.
stormpy,stormpy.MaximalEndComponentDecomposition_interval,class,stormpy.storage._storage,C++ binding,ALIAS,stormpy.storage.MaximalEndComponentDecomposition_interval,Prefer the domain-oriented import; retain this flattened path during migration.
stormpy,stormpy.MaximalEndComponentDecomposition_ratfunc,class,stormpy.storage._storage,C++ binding,ALIAS,stormpy.storage.MaximalEndComponentDecomposition_ratfunc,Prefer the domain-oriented import; retain this flattened path during migration.
stormpy,stormpy.MaximalEndComponentDecomposition_ratinterval,class,stormpy.storage._storage,C++ binding,ALIAS,stormpy.storage.MaximalEndComponentDecomposition_ratinterval,Prefer the domain-oriented import; retain this flattened path during migration.
stormpy,stormpy.MemoryStructure,class,stormpy.storage._storage,C++ binding,ALIAS,stormpy.storage.MemoryStructure,Prefer the domain-oriented import; retain this flattened path during migration.
stormpy,stormpy.MemoryStructureBuilder,class,stormpy.storage._storage,C++ binding,ALIAS,stormpy.storage.MemoryStructureBuilder,Prefer the domain-oriented import; retain this flattened path during migration.
stormpy,stormpy.MemoryStructureBuilderExact,class,stormpy.storage._storage,C++ binding,ALIAS,stormpy.storage.MemoryStructureBuilderExact,Prefer the domain-oriented import; retain this flattened path during migration.
stormpy,stormpy.MemoryStructureBuilderInterval,class,stormpy.storage._storage,C++ binding,ALIAS,stormpy.storage.MemoryStructureBuilderInterval,Prefer the domain-oriented import; retain this flattened path during migration.
stormpy,stormpy.MemoryStructureBuilderParametric,class,stormpy.storage._storage,C++ binding,ALIAS,stormpy.storage.MemoryStructureBuilderParametric,Prefer the domain-oriented import; retain this flattened path during migration.
stormpy,stormpy.MemoryStructureProduct,class,stormpy.storage._storage,C++ binding,ALIAS,stormpy.storage.MemoryStructureProduct,Prefer the domain-oriented import; retain this flattened path during migration.
stormpy,stormpy.MemoryStructureProductExact,class,stormpy.storage._storage,C++ binding,ALIAS,stormpy.storage.MemoryStructureProductExact,Prefer the domain-oriented import; retain this flattened path during migration.
stormpy,stormpy.MemoryStructureProductInterval,class,stormpy.storage._storage,C++ binding,ALIAS,stormpy.storage.MemoryStructureProductInterval,Prefer the domain-oriented import; retain this flattened path during migration.
stormpy,stormpy.MemoryStructureProductParametric,class,stormpy.storage._storage,C++ binding,ALIAS,stormpy.storage.MemoryStructureProductParametric,Prefer the domain-oriented import; retain this flattened path during migration.
stormpy,stormpy.MinMaxMethod,enum,stormpy._core,C++ binding,KEEP,,
stormpy,stormpy.MinMaxSolverEnvironment,class,stormpy._core,C++ binding,KEEP,,
stormpy,stormpy.model_checking,function,stormpy,Python,KEEP,,
stormpy,stormpy.ModelCheckerEnvironment,class,stormpy._core,C++ binding,KEEP,,
stormpy,stormpy.ModelCheckerHint,class,stormpy._core,C++ binding,KEEP,,
stormpy,stormpy.ModelType,enum,stormpy.storage._storage,C++ binding,ALIAS,stormpy.storage.ModelType,Prefer the domain-oriented import; retain this flattened path during migration.
stormpy,stormpy.MultiObjectiveEncodingType,enum,stormpy._core,C++ binding,KEEP,,
stormpy,stormpy.MultiObjectiveFormula,class,stormpy.logic._logic,C++ binding,ALIAS,stormpy.logic.MultiObjectiveFormula,Prefer the domain-oriented import; retain this flattened path during migration.
stormpy,stormpy.MultiObjectiveMethod,enum,stormpy._core,C++ binding,KEEP,,
stormpy,stormpy.MultiObjectiveModelCheckerEnvironment,class,stormpy._core,C++ binding,KEEP,,
stormpy,stormpy.MultiObjectivePrecisionType,enum,stormpy._core,C++ binding,KEEP,,
stormpy,stormpy.NativeLinearEquationSolverMethod,enum,stormpy._core,C++ binding,KEEP,,
stormpy,stormpy.NativeSolverEnvironment,class,stormpy._core,C++ binding,KEEP,,
stormpy,stormpy.OperatorFormula,class,stormpy.logic._logic,C++ binding,ALIAS,stormpy.logic.OperatorFormula,Prefer the domain-oriented import; retain this flattened path during migration.
stormpy,stormpy.OperatorType,enum,stormpy.storage._storage,C++ binding,ALIAS,stormpy.storage.OperatorType,Prefer the domain-oriented import; retain this flattened path during migration.
stormpy,stormpy.OptimizationDirection,enum,stormpy._core,C++ binding,KEEP,,
stormpy,stormpy.OverlappingGuardAnalyser,class,stormpy.storage._storage,C++ binding,ALIAS,stormpy.storage.OverlappingGuardAnalyser,Prefer the domain-oriented import; retain this flattened path during migration.
stormpy,stormpy.ParametricCheckTask,class,stormpy._core,C++ binding,CONSOLIDATE,stormpy.CheckTask,Value-type specialization; expose one Python dispatcher or facade.
stormpy,stormpy.ParametricSparseMatrix,class,stormpy.storage._storage,C++ binding,ALIAS,stormpy.storage.ParametricSparseMatrix,Prefer the domain-oriented import; retain this flattened path during migration.
stormpy,stormpy.ParametricSparseMatrixBuilder,class,stormpy.storage._storage,C++ binding,ALIAS,stormpy.storage.ParametricSparseMatrixBuilder,Prefer the domain-oriented import; retain this flattened path during migration.
stormpy,stormpy.ParametricSparseMatrixEntry,class,stormpy.storage._storage,C++ binding,ALIAS,stormpy.storage.ParametricSparseMatrixEntry,Prefer the domain-oriented import; retain this flattened path during migration.
stormpy,stormpy.ParametricSparseMatrixRows,class,stormpy.storage._storage,C++ binding,ALIAS,stormpy.storage.ParametricSparseMatrixRows,Prefer the domain-oriented import; retain this flattened path during migration.
stormpy,stormpy.ParetoCurveCheckResult,class,stormpy._core,C++ binding,KEEP,,
stormpy,stormpy.parse_constants_string,function,stormpy._core,C++ binding,KEEP,,
stormpy,stormpy.parse_jani_model,function,stormpy._core,C++ binding,KEEP,,
stormpy,stormpy.parse_jani_model_from_string,function,stormpy._core,C++ binding,KEEP,,
stormpy,stormpy.parse_prism_program,function,stormpy._core,C++ binding,KEEP,,
stormpy,stormpy.parse_properties,function,stormpy,Python,KEEP,,
stormpy,stormpy.parse_properties_for_jani_model,function,stormpy._core,C++ binding,KEEP,,
stormpy,stormpy.parse_properties_for_prism_program,function,stormpy._core,C++ binding,KEEP,,
stormpy,stormpy.parse_properties_without_context,function,stormpy._core,C++ binding,KEEP,,
stormpy,stormpy.PathFormula,class,stormpy.logic._logic,C++ binding,ALIAS,stormpy.logic.PathFormula,Prefer the domain-oriented import; retain this flattened path during migration.
stormpy,stormpy.perform_bisimulation,function,stormpy,Python,KEEP,,
stormpy,stormpy.perform_sparse_bisimulation,function,stormpy,Python,KEEP,,
stormpy,stormpy.perform_symbolic_bisimulation,function,stormpy,Python,KEEP,,
stormpy,stormpy.Polynomial,class,stormpy.pycarl.cln,Python,KEEP,,
stormpy,stormpy.PolytopeDouble,class,stormpy.storage._storage,C++ binding,ALIAS,stormpy.storage.PolytopeDouble,Prefer the domain-oriented import; retain this flattened path during migration.
stormpy,stormpy.PolytopeExact,class,stormpy.storage._storage,C++ binding,ALIAS,stormpy.storage.PolytopeExact,Prefer the domain-oriented import; retain this flattened path during migration.
stormpy,stormpy.preprocess_symbolic_input,function,stormpy._core,C++ binding,KEEP,,
stormpy,stormpy.PrismAssignment,class,stormpy.storage._storage,C++ binding,ALIAS,stormpy.storage.PrismAssignment,Prefer the domain-oriented import; retain this flattened path during migration.
stormpy,stormpy.PrismBooleanVariable,class,stormpy.storage._storage,C++ binding,ALIAS,stormpy.storage.PrismBooleanVariable,Prefer the domain-oriented import; retain this flattened path during migration.
stormpy,stormpy.PrismChoiceOrigins,class,stormpy.storage._storage,C++ binding,ALIAS,stormpy.storage.PrismChoiceOrigins,Prefer the domain-oriented import; retain this flattened path during migration.
stormpy,stormpy.PrismCommand,class,stormpy.storage._storage,C++ binding,ALIAS,stormpy.storage.PrismCommand,Prefer the domain-oriented import; retain this flattened path during migration.
stormpy,stormpy.PrismConstant,class,stormpy.storage._storage,C++ binding,ALIAS,stormpy.storage.PrismConstant,Prefer the domain-oriented import; retain this flattened path during migration.
stormpy,stormpy.PrismIntegerVariable,class,stormpy.storage._storage,C++ binding,ALIAS,stormpy.storage.PrismIntegerVariable,Prefer the domain-oriented import; retain this flattened path during migration.
stormpy,stormpy.PrismLabel,class,stormpy.storage._storage,C++ binding,ALIAS,stormpy.storage.PrismLabel,Prefer the domain-oriented import; retain this flattened path during migration.
stormpy,stormpy.PrismModelType,enum,stormpy.storage._storage,C++ binding,ALIAS,stormpy.storage.PrismModelType,Prefer the domain-oriented import; retain this flattened path during migration.
stormpy,stormpy.PrismModule,class,stormpy.storage._storage,C++ binding,ALIAS,stormpy.storage.PrismModule,Prefer the domain-oriented import; retain this flattened path during migration.
stormpy,stormpy.PrismProgram,class,stormpy.storage._storage,C++ binding,ALIAS,stormpy.storage.PrismProgram,Prefer the domain-oriented import; retain this flattened path during migration.
stormpy,stormpy.PrismRewardModel,class,stormpy.storage._storage,C++ binding,ALIAS,stormpy.storage.PrismRewardModel,Prefer the domain-oriented import; retain this flattened path during migration.
stormpy,stormpy.PrismUpdate,class,stormpy.storage._storage,C++ binding,ALIAS,stormpy.storage.PrismUpdate,Prefer the domain-oriented import; retain this flattened path during migration.
stormpy,stormpy.PrismVariable,class,stormpy.storage._storage,C++ binding,ALIAS,stormpy.storage.PrismVariable,Prefer the domain-oriented import; retain this flattened path during migration.
stormpy,stormpy.prob01max_states,function,stormpy,Python,KEEP,,
stormpy,stormpy.prob01min_states,function,stormpy,Python,KEEP,,
stormpy,stormpy.ProbabilityOperator,class,stormpy.logic._logic,C++ binding,ALIAS,stormpy.logic.ProbabilityOperator,Prefer the domain-oriented import; retain this flattened path during migration.
stormpy,stormpy.product_model,function,stormpy.storage,Python,ALIAS,stormpy.storage.product_model,Prefer the domain-oriented import; retain this flattened path during migration.
stormpy,stormpy.Property,class,stormpy._core,C++ binding,KEEP,,
stormpy,stormpy.pycarl,module,stormpy.pycarl,Python,KEEP,,
stormpy,stormpy.QuotientFormat,enum,stormpy._core,C++ binding,KEEP,,
stormpy,stormpy.Rational,class,stormpy.pycarl.gmp,Python,KEEP,,
stormpy,stormpy.RationalFunction,class,stormpy.pycarl.cln,Python,KEEP,,
stormpy,stormpy.RationalIntervalSparseMatrix,class,stormpy.storage._storage,C++ binding,ALIAS,stormpy.storage.RationalIntervalSparseMatrix,Prefer the domain-oriented import; retain this flattened path during migration.
stormpy,stormpy.RationalIntervalSparseMatrixBuilder,class,stormpy.storage._storage,C++ binding,ALIAS,stormpy.storage.RationalIntervalSparseMatrixBuilder,Prefer the domain-oriented import; retain this flattened path during migration.
stormpy,stormpy.RationalIntervalSparseMatrixEntry,class,stormpy.storage._storage,C++ binding,ALIAS,stormpy.storage.RationalIntervalSparseMatrixEntry,Prefer the domain-oriented import; retain this flattened path during migration.
stormpy,stormpy.RationalIntervalSparseMatrixRows,class,stormpy.storage._storage,C++ binding,ALIAS,stormpy.storage.RationalIntervalSparseMatrixRows,Prefer the domain-oriented import; retain this flattened path during migration.
stormpy,stormpy.RationalRF,class,stormpy.pycarl.cln,Python,KEEP,,
stormpy,stormpy.reset_timeout,function,stormpy._core,C++ binding,KEEP,,
stormpy,stormpy.RewardOperator,class,stormpy.logic._logic,C++ binding,ALIAS,stormpy.logic.RewardOperator,Prefer the domain-oriented import; retain this flattened path during migration.
stormpy,stormpy.Scheduler,class,stormpy.storage._storage,C++ binding,ALIAS,stormpy.storage.Scheduler,Prefer the domain-oriented import; retain this flattened path during migration.
stormpy,stormpy.SchedulerChoice,class,stormpy.storage._storage,C++ binding,ALIAS,stormpy.storage.SchedulerChoice,Prefer the domain-oriented import; retain this flattened path during migration.
stormpy,stormpy.SchedulerChoiceExact,class,stormpy.storage._storage,C++ binding,ALIAS,stormpy.storage.SchedulerChoiceExact,Prefer the domain-oriented import; retain this flattened path during migration.
stormpy,stormpy.SchedulerChoiceInterval,class,stormpy.storage._storage,C++ binding,ALIAS,stormpy.storage.SchedulerChoiceInterval,Prefer the domain-oriented import; retain this flattened path during migration.
stormpy,stormpy.SchedulerChoiceParametric,class,stormpy.storage._storage,C++ binding,ALIAS,stormpy.storage.SchedulerChoiceParametric,Prefer the domain-oriented import; retain this flattened path during migration.
stormpy,stormpy.SchedulerChoiceRationalInterval,class,stormpy.storage._storage,C++ binding,ALIAS,stormpy.storage.SchedulerChoiceRationalInterval,Prefer the domain-oriented import; retain this flattened path during migration.
stormpy,stormpy.SchedulerClass,class,stormpy._core,C++ binding,KEEP,,
stormpy,stormpy.SchedulerExact,class,stormpy.storage._storage,C++ binding,ALIAS,stormpy.storage.SchedulerExact,Prefer the domain-oriented import; retain this flattened path during migration.
stormpy,stormpy.SchedulerInterval,class,stormpy.storage._storage,C++ binding,ALIAS,stormpy.storage.SchedulerInterval,Prefer the domain-oriented import; retain this flattened path during migration.
stormpy,stormpy.SchedulerMemoryPattern,enum,stormpy._core,C++ binding,KEEP,,
stormpy,stormpy.SchedulerParametric,class,stormpy.storage._storage,C++ binding,ALIAS,stormpy.storage.SchedulerParametric,Prefer the domain-oriented import; retain this flattened path during migration.
stormpy,stormpy.SchedulerRationalInterval,class,stormpy.storage._storage,C++ binding,ALIAS,stormpy.storage.SchedulerRationalInterval,Prefer the domain-oriented import; retain this flattened path during migration.
stormpy,stormpy.set_loglevel_debug,function,stormpy._core,C++ binding,KEEP,,
stormpy,stormpy.set_loglevel_error,function,stormpy._core,C++ binding,KEEP,,
stormpy,stormpy.set_loglevel_trace,function,stormpy._core,C++ binding,KEEP,,
stormpy,stormpy.set_settings,function,stormpy._core,C++ binding,KEEP,,
stormpy,stormpy.set_state_valuations,function,stormpy,Python,KEEP,,
stormpy,stormpy.set_timeout,function,stormpy._core,C++ binding,KEEP,,
stormpy,stormpy.SimpleValuation,class,stormpy.storage._storage,C++ binding,ALIAS,stormpy.storage.SimpleValuation,Prefer the domain-oriented import; retain this flattened path during migration.
stormpy,stormpy.SMTCounterExampleGenerator,class,stormpy._core,C++ binding,KEEP,,
stormpy,stormpy.SMTCounterExampleGeneratorOptions,class,stormpy._core,C++ binding,KEEP,,
stormpy,stormpy.SMTCounterExampleGeneratorStats,class,stormpy._core,C++ binding,KEEP,,
stormpy,stormpy.SMTCounterExampleInput,class,stormpy._core,C++ binding,KEEP,,
stormpy,stormpy.SolverEnvironment,class,stormpy._core,C++ binding,KEEP,,
stormpy,stormpy.sparse_model_from_umb,function,stormpy.storage._storage,C++ binding,ALIAS,stormpy.storage.sparse_model_from_umb,Prefer the domain-oriented import; retain this flattened path during migration.
stormpy,stormpy.sparse_model_to_umb,function,stormpy.storage._storage,C++ binding,ALIAS,stormpy.storage.sparse_model_to_umb,Prefer the domain-oriented import; retain this flattened path during migration.
stormpy,stormpy.SparseCtmc,class,stormpy.storage._storage,C++ binding,ALIAS,stormpy.storage.SparseCtmc,Prefer the domain-oriented import; retain this flattened path during migration.
stormpy,stormpy.SparseDtmc,class,stormpy.storage._storage,C++ binding,ALIAS,stormpy.storage.SparseDtmc,Prefer the domain-oriented import; retain this flattened path during migration.
stormpy,stormpy.SparseExactCtmc,class,stormpy.storage._storage,C++ binding,ALIAS,stormpy.storage.SparseExactCtmc,Prefer the domain-oriented import; retain this flattened path during migration.
stormpy,stormpy.SparseExactDtmc,class,stormpy.storage._storage,C++ binding,ALIAS,stormpy.storage.SparseExactDtmc,Prefer the domain-oriented import; retain this flattened path during migration.
stormpy,stormpy.SparseExactMA,class,stormpy.storage._storage,C++ binding,ALIAS,stormpy.storage.SparseExactMA,Prefer the domain-oriented import; retain this flattened path during migration.
stormpy,stormpy.SparseExactMdp,class,stormpy.storage._storage,C++ binding,ALIAS,stormpy.storage.SparseExactMdp,Prefer the domain-oriented import; retain this flattened path during migration.
stormpy,stormpy.SparseExactModelAction,class,stormpy.storage._storage,C++ binding,ALIAS,stormpy.storage.SparseExactModelAction,Prefer the domain-oriented import; retain this flattened path during migration.
stormpy,stormpy.SparseExactModelActions,class,stormpy.storage._storage,C++ binding,ALIAS,stormpy.storage.SparseExactModelActions,Prefer the domain-oriented import; retain this flattened path during migration.
stormpy,stormpy.SparseExactModelComponents,class,stormpy.storage._storage,C++ binding,ALIAS,stormpy.storage.SparseExactModelComponents,Prefer the domain-oriented import; retain this flattened path during migration.
stormpy,stormpy.SparseExactModelState,class,stormpy.storage._storage,C++ binding,ALIAS,stormpy.storage.SparseExactModelState,Prefer the domain-oriented import; retain this flattened path during migration.
stormpy,stormpy.SparseExactModelStates,class,stormpy.storage._storage,C++ binding,ALIAS,stormpy.storage.SparseExactModelStates,Prefer the domain-oriented import; retain this flattened path during migration.
stormpy,stormpy.SparseExactPomdp,class,stormpy.storage._storage,C++ binding,ALIAS,stormpy.storage.SparseExactPomdp,Prefer the domain-oriented import; retain this flattened path during migration.
stormpy,stormpy.SparseExactRewardModel,class,stormpy.storage._storage,C++ binding,ALIAS,stormpy.storage.SparseExactRewardModel,Prefer the domain-oriented import; retain this flattened path during migration.
stormpy,stormpy.SparseExactSmg,class,stormpy.storage._storage,C++ binding,ALIAS,stormpy.storage.SparseExactSmg,Prefer the domain-oriented import; retain this flattened path during migration.
stormpy,stormpy.SparseIntervalCtmc,class,stormpy.storage._storage,C++ binding,ALIAS,stormpy.storage.SparseIntervalCtmc,Prefer the domain-oriented import; retain this flattened path during migration.
stormpy,stormpy.SparseIntervalDtmc,class,stormpy.storage._storage,C++ binding,ALIAS,stormpy.storage.SparseIntervalDtmc,Prefer the domain-oriented import; retain this flattened path during migration.
stormpy,stormpy.SparseIntervalMA,class,stormpy.storage._storage,C++ binding,ALIAS,stormpy.storage.SparseIntervalMA,Prefer the domain-oriented import; retain this flattened path during migration.
stormpy,stormpy.SparseIntervalMdp,class,stormpy.storage._storage,C++ binding,ALIAS,stormpy.storage.SparseIntervalMdp,Prefer the domain-oriented import; retain this flattened path during migration.
stormpy,stormpy.SparseIntervalModelAction,class,stormpy.storage._storage,C++ binding,ALIAS,stormpy.storage.SparseIntervalModelAction,Prefer the domain-oriented import; retain this flattened path during migration.
stormpy,stormpy.SparseIntervalModelActions,class,stormpy.storage._storage,C++ binding,ALIAS,stormpy.storage.SparseIntervalModelActions,Prefer the domain-oriented import; retain this flattened path during migration.
stormpy,stormpy.SparseIntervalModelComponents,class,stormpy.storage._storage,C++ binding,ALIAS,stormpy.storage.SparseIntervalModelComponents,Prefer the domain-oriented import; retain this flattened path during migration.
stormpy,stormpy.SparseIntervalModelState,class,stormpy.storage._storage,C++ binding,ALIAS,stormpy.storage.SparseIntervalModelState,Prefer the domain-oriented import; retain this flattened path during migration.
stormpy,stormpy.SparseIntervalModelStates,class,stormpy.storage._storage,C++ binding,ALIAS,stormpy.storage.SparseIntervalModelStates,Prefer the domain-oriented import; retain this flattened path during migration.
stormpy,stormpy.SparseIntervalPomdp,class,stormpy.storage._storage,C++ binding,ALIAS,stormpy.storage.SparseIntervalPomdp,Prefer the domain-oriented import; retain this flattened path during migration.
stormpy,stormpy.SparseIntervalRewardModel,class,stormpy.storage._storage,C++ binding,ALIAS,stormpy.storage.SparseIntervalRewardModel,Prefer the domain-oriented import; retain this flattened path during migration.
stormpy,stormpy.SparseIntervalSmg,class,stormpy.storage._storage,C++ binding,ALIAS,stormpy.storage.SparseIntervalSmg,Prefer the domain-oriented import; retain this flattened path during migration.
stormpy,stormpy.SparseMA,class,stormpy.storage._storage,C++ binding,ALIAS,stormpy.storage.SparseMA,Prefer the domain-oriented import; retain this flattened path during migration.
stormpy,stormpy.SparseMatrix,class,stormpy.storage._storage,C++ binding,ALIAS,stormpy.storage.SparseMatrix,Prefer the domain-oriented import; retain this flattened path during migration.
stormpy,stormpy.SparseMatrixBuilder,class,stormpy.storage._storage,C++ binding,ALIAS,stormpy.storage.SparseMatrixBuilder,Prefer the domain-oriented import; retain this flattened path during migration.
stormpy,stormpy.SparseMatrixEntry,class,stormpy.storage._storage,C++ binding,ALIAS,stormpy.storage.SparseMatrixEntry,Prefer the domain-oriented import; retain this flattened path during migration.
stormpy,stormpy.SparseMatrixRows,class,stormpy.storage._storage,C++ binding,ALIAS,stormpy.storage.SparseMatrixRows,Prefer the domain-oriented import; retain this flattened path during migration.
stormpy,stormpy.SparseMdp,class,stormpy.storage._storage,C++ binding,ALIAS,stormpy.storage.SparseMdp,Prefer the domain-oriented import; retain this flattened path during migration.
stormpy,stormpy.SparseModelAction,class,stormpy.storage._storage,C++ binding,ALIAS,stormpy.storage.SparseModelAction,Prefer the domain-oriented import; retain this flattened path during migration.
stormpy,stormpy.SparseModelActions,class,stormpy.storage._storage,C++ binding,ALIAS,stormpy.storage.SparseModelActions,Prefer the domain-oriented import; retain this flattened path during migration.
stormpy,stormpy.SparseModelComponents,class,stormpy.storage._storage,C++ binding,ALIAS,stormpy.storage.SparseModelComponents,Prefer the domain-oriented import; retain this flattened path during migration.
stormpy,stormpy.SparseModelMemoryProductReverseData,class,stormpy.storage._storage,C++ binding,ALIAS,stormpy.storage.SparseModelMemoryProductReverseData,Prefer the domain-oriented import; retain this flattened path during migration.
stormpy,stormpy.SparseModelState,class,stormpy.storage._storage,C++ binding,ALIAS,stormpy.storage.SparseModelState,Prefer the domain-oriented import; retain this flattened path during migration.
stormpy,stormpy.SparseModelStates,class,stormpy.storage._storage,C++ binding,ALIAS,stormpy.storage.SparseModelStates,Prefer the domain-oriented import; retain this flattened path during migration.
stormpy,stormpy.SparseParametricCtmc,class,stormpy.storage._storage,C++ binding,ALIAS,stormpy.storage.SparseParametricCtmc,Prefer the domain-oriented import; retain this flattened path during migration.
stormpy,stormpy.SparseParametricDtmc,class,stormpy.storage._storage,C++ binding,ALIAS,stormpy.storage.SparseParametricDtmc,Prefer the domain-oriented import; retain this flattened path during migration.
stormpy,stormpy.SparseParametricMA,class,stormpy.storage._storage,C++ binding,ALIAS,stormpy.storage.SparseParametricMA,Prefer the domain-oriented import; retain this flattened path during migration.
stormpy,stormpy.SparseParametricMdp,class,stormpy.storage._storage,C++ binding,ALIAS,stormpy.storage.SparseParametricMdp,Prefer the domain-oriented import; retain this flattened path during migration.
stormpy,stormpy.SparseParametricModelAction,class,stormpy.storage._storage,C++ binding,ALIAS,stormpy.storage.SparseParametricModelAction,Prefer the domain-oriented import; retain this flattened path during migration.
stormpy,stormpy.SparseParametricModelActions,class,stormpy.storage._storage,C++ binding,ALIAS,stormpy.storage.SparseParametricModelActions,Prefer the domain-oriented import; retain this flattened path during migration.
stormpy,stormpy.SparseParametricModelComponents,class,stormpy.storage._storage,C++ binding,ALIAS,stormpy.storage.SparseParametricModelComponents,Prefer the domain-oriented import; retain this flattened path during migration.
stormpy,stormpy.SparseParametricModelState,class,stormpy.storage._storage,C++ binding,ALIAS,stormpy.storage.SparseParametricModelState,Prefer the domain-oriented import; retain this flattened path during migration.
stormpy,stormpy.SparseParametricModelStates,class,stormpy.storage._storage,C++ binding,ALIAS,stormpy.storage.SparseParametricModelStates,Prefer the domain-oriented import; retain this flattened path during migration.
stormpy,stormpy.SparseParametricPomdp,class,stormpy.storage._storage,C++ binding,ALIAS,stormpy.storage.SparseParametricPomdp,Prefer the domain-oriented import; retain this flattened path during migration.
stormpy,stormpy.SparseParametricRewardModel,class,stormpy.storage._storage,C++ binding,ALIAS,stormpy.storage.SparseParametricRewardModel,Prefer the domain-oriented import; retain this flattened path during migration.
stormpy,stormpy.SparseParametricSmg,class,stormpy.storage._storage,C++ binding,ALIAS,stormpy.storage.SparseParametricSmg,Prefer the domain-oriented import; retain this flattened path during migration.
stormpy,stormpy.SparsePomdp,class,stormpy.storage._storage,C++ binding,ALIAS,stormpy.storage.SparsePomdp,Prefer the domain-oriented import; retain this flattened path during migration.
stormpy,stormpy.SparseRationalIntervalCtmc,class,stormpy.storage._storage,C++ binding,ALIAS,stormpy.storage.SparseRationalIntervalCtmc,Prefer the domain-oriented import; retain this flattened path during migration.
stormpy,stormpy.SparseRationalIntervalDtmc,class,stormpy.storage._storage,C++ binding,ALIAS,stormpy.storage.SparseRationalIntervalDtmc,Prefer the domain-oriented import; retain this flattened path during migration.
stormpy,stormpy.SparseRationalIntervalMA,class,stormpy.storage._storage,C++ binding,ALIAS,stormpy.storage.SparseRationalIntervalMA,Prefer the domain-oriented import; retain this flattened path during migration.
stormpy,stormpy.SparseRationalIntervalMdp,class,stormpy.storage._storage,C++ binding,ALIAS,stormpy.storage.SparseRationalIntervalMdp,Prefer the domain-oriented import; retain this flattened path during migration.
stormpy,stormpy.SparseRationalIntervalModelAction,class,stormpy.storage._storage,C++ binding,ALIAS,stormpy.storage.SparseRationalIntervalModelAction,Prefer the domain-oriented import; retain this flattened path during migration.
stormpy,stormpy.SparseRationalIntervalModelActions,class,stormpy.storage._storage,C++ binding,ALIAS,stormpy.storage.SparseRationalIntervalModelActions,Prefer the domain-oriented import; retain this flattened path during migration.
stormpy,stormpy.SparseRationalIntervalModelComponents,class,stormpy.storage._storage,C++ binding,ALIAS,stormpy.storage.SparseRationalIntervalModelComponents,Prefer the domain-oriented import; retain this flattened path during migration.
stormpy,stormpy.SparseRationalIntervalModelState,class,stormpy.storage._storage,C++ binding,ALIAS,stormpy.storage.SparseRationalIntervalModelState,Prefer the domain-oriented import; retain this flattened path during migration.
stormpy,stormpy.SparseRationalIntervalModelStates,class,stormpy.storage._storage,C++ binding,ALIAS,stormpy.storage.SparseRationalIntervalModelStates,Prefer the domain-oriented import; retain this flattened path during migration.
stormpy,stormpy.SparseRationalIntervalPomdp,class,stormpy.storage._storage,C++ binding,ALIAS,stormpy.storage.SparseRationalIntervalPomdp,Prefer the domain-oriented import; retain this flattened path during migration.
stormpy,stormpy.SparseRationalIntervalRewardModel,class,stormpy.storage._storage,C++ binding,ALIAS,stormpy.storage.SparseRationalIntervalRewardModel,Prefer the domain-oriented import; retain this flattened path during migration.
stormpy,stormpy.SparseRationalIntervalSmg,class,stormpy.storage._storage,C++ binding,ALIAS,stormpy.storage.SparseRationalIntervalSmg,Prefer the domain-oriented import; retain this flattened path during migration.
stormpy,stormpy.SparseRewardModel,class,stormpy.storage._storage,C++ binding,ALIAS,stormpy.storage.SparseRewardModel,Prefer the domain-oriented import; retain this flattened path during migration.
stormpy,stormpy.SparseSmg,class,stormpy.storage._storage,C++ binding,ALIAS,stormpy.storage.SparseSmg,Prefer the domain-oriented import; retain this flattened path during migration.
stormpy,stormpy.StateFormula,class,stormpy.logic._logic,C++ binding,ALIAS,stormpy.logic.StateFormula,Prefer the domain-oriented import; retain this flattened path during migration.
stormpy,stormpy.StateLabeling,class,stormpy.storage._storage,C++ binding,ALIAS,stormpy.storage.StateLabeling,Prefer the domain-oriented import; retain this flattened path during migration.
stormpy,stormpy.StateValuation,class,stormpy.storage._storage,C++ binding,ALIAS,stormpy.storage.StateValuation,Prefer the domain-oriented import; retain this flattened path during migration.
stormpy,stormpy.StateValuationFunctionActionMaskDouble,class,stormpy._core,C++ binding,CONSOLIDATE,stormpy.StateValuationFunctionActionMask,Value-type specialization; expose one Python dispatcher or facade.
stormpy,stormpy.StateValuationsBuilder,class,stormpy.storage,Python,ALIAS,stormpy.storage.StateValuationsBuilder,Prefer the domain-oriented import; retain this flattened path during migration.
stormpy,stormpy.StateValuationTransformer,class,stormpy.storage,Python,ALIAS,stormpy.storage.StateValuationTransformer,Prefer the domain-oriented import; retain this flattened path during migration.
stormpy,stormpy.SteadyStateDistributionAlgorithm,enum,stormpy._core,C++ binding,KEEP,,
stormpy,stormpy.storage,module,stormpy.storage,Python,KEEP,,
stormpy,stormpy.stormpy,module,stormpy,Python,ALIAS,stormpy.storage.stormpy,Prefer the domain-oriented import; retain this flattened path during migration.
stormpy,stormpy.SubsystemBuilderOptions,class,stormpy._core,C++ binding,KEEP,,
stormpy,stormpy.SubsystemBuilderReturnTypeDouble,class,stormpy._core,C++ binding,CONSOLIDATE,stormpy.SubsystemBuilderReturnType,Value-type specialization; expose one Python dispatcher or facade.
stormpy,stormpy.SubsystemBuilderReturnTypeExact,class,stormpy._core,C++ binding,CONSOLIDATE,stormpy.SubsystemBuilderReturnType,Value-type specialization; expose one Python dispatcher or facade.
stormpy,stormpy.SubsystemBuilderReturnTypeInterval,class,stormpy._core,C++ binding,CONSOLIDATE,stormpy.SubsystemBuilderReturnType,Value-type specialization; expose one Python dispatcher or facade.
stormpy,stormpy.SubsystemBuilderReturnTypeRatFunc,class,stormpy._core,C++ binding,CONSOLIDATE,stormpy.SubsystemBuilderReturnType,Value-type specialization; expose one Python dispatcher or facade.
stormpy,stormpy.SubsystemBuilderReturnTypeRationalInterval,class,stormpy._core,C++ binding,CONSOLIDATE,stormpy.SubsystemBuilderReturnType,Value-type specialization; expose one Python dispatcher or facade.
stormpy,stormpy.SylvanDdManagerEnvironment,class,stormpy._core,C++ binding,KEEP,,
stormpy,stormpy.SymbolicExactQuantitativeCheckResult,class,stormpy._core,C++ binding,CONSOLIDATE,stormpy.SymbolicQuantitativeCheckResult,Value-type specialization; expose one Python dispatcher or facade.
stormpy,stormpy.SymbolicModelDescription,class,stormpy._core,C++ binding,KEEP,,
stormpy,stormpy.SymbolicParametricQuantitativeCheckResult,class,stormpy._core,C++ binding,CONSOLIDATE,stormpy.SymbolicQuantitativeCheckResult,Value-type specialization; expose one Python dispatcher or facade.
stormpy,stormpy.SymbolicQualitativeCheckResult,class,stormpy._core,C++ binding,KEEP,,
stormpy,stormpy.SymbolicQuantitativeCheckResult,class,stormpy._core,C++ binding,KEEP,,
stormpy,stormpy.SymbolicSylvanCtmc,class,stormpy.storage._storage,C++ binding,ALIAS,stormpy.storage.SymbolicSylvanCtmc,Prefer the domain-oriented import; retain this flattened path during migration.
stormpy,stormpy.SymbolicSylvanDtmc,class,stormpy.storage._storage,C++ binding,ALIAS,stormpy.storage.SymbolicSylvanDtmc,Prefer the domain-oriented import; retain this flattened path during migration.
stormpy,stormpy.SymbolicSylvanExactCtmc,class,stormpy.storage._storage,C++ binding,ALIAS,stormpy.storage.SymbolicSylvanExactCtmc,Prefer the domain-oriented import; retain this flattened path during migration.
stormpy,stormpy.SymbolicSylvanExactDtmc,class,stormpy.storage._storage,C++ binding,ALIAS,stormpy.storage.SymbolicSylvanExactDtmc,Prefer the domain-oriented import; retain this flattened path during migration.
stormpy,stormpy.SymbolicSylvanExactMA,class,stormpy.storage._storage,C++ binding,ALIAS,stormpy.storage.SymbolicSylvanExactMA,Prefer the domain-oriented import; retain this flattened path during migration.
stormpy,stormpy.SymbolicSylvanExactMdp,class,stormpy.storage._storage,C++ binding,ALIAS,stormpy.storage.SymbolicSylvanExactMdp,Prefer the domain-oriented import; retain this flattened path during migration.
stormpy,stormpy.SymbolicSylvanExactRewardModel,class,stormpy.storage._storage,C++ binding,ALIAS,stormpy.storage.SymbolicSylvanExactRewardModel,Prefer the domain-oriented import; retain this flattened path during migration.
stormpy,stormpy.SymbolicSylvanMA,class,stormpy.storage._storage,C++ binding,ALIAS,stormpy.storage.SymbolicSylvanMA,Prefer the domain-oriented import; retain this flattened path during migration.
stormpy,stormpy.SymbolicSylvanMdp,class,stormpy.storage._storage,C++ binding,ALIAS,stormpy.storage.SymbolicSylvanMdp,Prefer the domain-oriented import; retain this flattened path during migration.
stormpy,stormpy.SymbolicSylvanParametricCtmc,class,stormpy.storage._storage,C++ binding,ALIAS,stormpy.storage.SymbolicSylvanParametricCtmc,Prefer the domain-oriented import; retain this flattened path during migration.
stormpy,stormpy.SymbolicSylvanParametricDtmc,class,stormpy.storage._storage,C++ binding,ALIAS,stormpy.storage.SymbolicSylvanParametricDtmc,Prefer the domain-oriented import; retain this flattened path during migration.
stormpy,stormpy.SymbolicSylvanParametricMA,class,stormpy.storage._storage,C++ binding,ALIAS,stormpy.storage.SymbolicSylvanParametricMA,Prefer the domain-oriented import; retain this flattened path during migration.
stormpy,stormpy.SymbolicSylvanParametricMdp,class,stormpy.storage._storage,C++ binding,ALIAS,stormpy.storage.SymbolicSylvanParametricMdp,Prefer the domain-oriented import; retain this flattened path during migration.
stormpy,stormpy.SymbolicSylvanParametricRewardModel,class,stormpy.storage._storage,C++ binding,ALIAS,stormpy.storage.SymbolicSylvanParametricRewardModel,Prefer the domain-oriented import; retain this flattened path during migration.
stormpy,stormpy.SymbolicSylvanRewardModel,class,stormpy.storage._storage,C++ binding,ALIAS,stormpy.storage.SymbolicSylvanRewardModel,Prefer the domain-oriented import; retain this flattened path during migration.
stormpy,stormpy.TimeOperator,class,stormpy.logic._logic,C++ binding,ALIAS,stormpy.logic.TimeOperator,Prefer the domain-oriented import; retain this flattened path during migration.
stormpy,stormpy.topological_sort,function,stormpy,Python,KEEP,,
stormpy,stormpy.transform_to_discrete_time_model,function,stormpy,Python,KEEP,,
stormpy,stormpy.transform_to_sparse_model,function,stormpy,Python,KEEP,,
stormpy,stormpy.umb_to_archive,function,stormpy.storage._storage,C++ binding,ALIAS,stormpy.storage.umb_to_archive,Prefer the domain-oriented import; retain this flattened path during migration.
stormpy,stormpy.UmbExportOptions,class,stormpy.storage._storage,C++ binding,ALIAS,stormpy.storage.UmbExportOptions,Prefer the domain-oriented import; retain this flattened path during migration.
stormpy,stormpy.UmbExportValueType,enum,stormpy.storage._storage,C++ binding,ALIAS,stormpy.storage.UmbExportValueType,Prefer the domain-oriented import; retain this flattened path during migration.
stormpy,stormpy.UmbImportOptions,class,stormpy.storage._storage,C++ binding,ALIAS,stormpy.storage.UmbImportOptions,Prefer the domain-oriented import; retain this flattened path during migration.
stormpy,stormpy.UmbImportValueType,enum,stormpy.storage._storage,C++ binding,ALIAS,stormpy.storage.UmbImportValueType,Prefer the domain-oriented import; retain this flattened path during migration.
stormpy,stormpy.UmbModel,class,stormpy.storage._storage,C++ binding,ALIAS,stormpy.storage.UmbModel,Prefer the domain-oriented import; retain this flattened path during migration.
stormpy,stormpy.UnaryBooleanStateFormula,class,stormpy.logic._logic,C++ binding,ALIAS,stormpy.logic.UnaryBooleanStateFormula,Prefer the domain-oriented import; retain this flattened path during migration.
stormpy,stormpy.UnaryPathFormula,class,stormpy.logic._logic,C++ binding,ALIAS,stormpy.logic.UnaryPathFormula,Prefer the domain-oriented import; retain this flattened path during migration.
stormpy,stormpy.UnaryStateFormula,class,stormpy.logic._logic,C++ binding,ALIAS,stormpy.logic.UnaryStateFormula,Prefer the domain-oriented import; retain this flattened path during migration.
stormpy,stormpy.UncertaintyResolutionMode,enum,stormpy._core,C++ binding,KEEP,,
stormpy,stormpy.UntilFormula,class,stormpy.logic._logic,C++ binding,ALIAS,stormpy.logic.UntilFormula,Prefer the domain-oriented import; retain this flattened path during migration.
stormpy,stormpy.utility,module,stormpy.utility,Python,KEEP,,
stormpy,stormpy.Valuation,class,stormpy.storage._storage,C++ binding,ALIAS,stormpy.storage.Valuation,Prefer the domain-oriented import; retain this flattened path during migration.
stormpy,stormpy.ValuationClassDescription,class,stormpy.storage._storage,C++ binding,ALIAS,stormpy.storage.ValuationClassDescription,Prefer the domain-oriented import; retain this flattened path during migration.
stormpy,stormpy.ValuationDescriptionBuilder,class,stormpy.storage._storage,C++ binding,ALIAS,stormpy.storage.ValuationDescriptionBuilder,Prefer the domain-oriented import; retain this flattened path during migration.
stormpy,stormpy.Valuations,class,stormpy.storage._storage,C++ binding,ALIAS,stormpy.storage.Valuations,Prefer the domain-oriented import; retain this flattened path during migration.
stormpy,stormpy.ValuationTransformer,class,stormpy.storage._storage,C++ binding,ALIAS,stormpy.storage.ValuationTransformer,Prefer the domain-oriented import; retain this flattened path during migration.
stormpy,stormpy.Variable,class,stormpy.storage._storage,C++ binding,ALIAS,stormpy.storage.Variable,Prefer the domain-oriented import; retain this flattened path during migration.
stormpy,stormpy.WeightedObjectiveMdpModelCheckerDouble,class,stormpy._core,C++ binding,CONSOLIDATE,stormpy.WeightedObjectiveMdpModelChecker,Value-type specialization; expose one Python dispatcher or facade.
stormpy,stormpy.WeightedObjectiveMdpModelCheckerExact,class,stormpy._core,C++ binding,CONSOLIDATE,stormpy.WeightedObjectiveMdpModelChecker,Value-type specialization; expose one Python dispatcher or facade.
stormpy.storage,stormpy.storage.Add_Sylvan_Double,class,stormpy.storage._storage,C++ binding,CONSOLIDATE,stormpy.storage.Add_Sylvan,Value-type specialization; expose one Python dispatcher or facade.
stormpy.storage,stormpy.storage.AddIterator_Sylvan_Double,class,stormpy.storage._storage,C++ binding,CONSOLIDATE,stormpy.storage.AddIterator_Sylvan,Value-type specialization; expose one Python dispatcher or facade.
stormpy.storage,stormpy.storage.ArrayType,class,stormpy.storage._storage,C++ binding,KEEP,,
stormpy.storage,stormpy.storage.BasicType,class,stormpy.storage._storage,C++ binding,KEEP,,
stormpy.storage,stormpy.storage.Bdd_Sylvan,class,stormpy.storage._storage,C++ binding,KEEP,,
stormpy.storage,stormpy.storage.BitVector,class,stormpy.storage._storage,C++ binding,KEEP,,
stormpy.storage,stormpy.storage.BoundedType,class,stormpy.storage._storage,C++ binding,KEEP,,
stormpy.storage,stormpy.storage.build_parametric_sparse_matrix,function,stormpy.storage,Python,KEEP,,
stormpy.storage,stormpy.storage.build_sparse_matrix,function,stormpy.storage,Python,KEEP,,
stormpy.storage,stormpy.storage.ChoiceLabeling,class,stormpy.storage._storage,C++ binding,KEEP,,
stormpy.storage,stormpy.storage.ChoiceOrigins,class,stormpy.storage._storage,C++ binding,KEEP,,
stormpy.storage,stormpy.storage.ClockType,class,stormpy.storage._storage,C++ binding,KEEP,,
stormpy.storage,stormpy.storage.collect_information,function,stormpy.storage._storage,C++ binding,KEEP,,
stormpy.storage,stormpy.storage.CompressionMode,enum,stormpy.storage._storage,C++ binding,KEEP,,
stormpy.storage,stormpy.storage.ContinuousType,class,stormpy.storage._storage,C++ binding,KEEP,,
stormpy.storage,stormpy.storage.Dd_Sylvan,class,stormpy.storage._storage,C++ binding,KEEP,,
stormpy.storage,stormpy.storage.DdManager_Sylvan,class,stormpy.storage._storage,C++ binding,KEEP,,
stormpy.storage,stormpy.storage.DdMetaVariable_Sylvan,class,stormpy.storage._storage,C++ binding,KEEP,,
stormpy.storage,stormpy.storage.DdMetaVariableType,enum,stormpy.storage._storage,C++ binding,KEEP,,
stormpy.storage,stormpy.storage.deprecated,function,deprecated.sphinx,external,PRIVATE,,Accidentally imported external helper; not stormpy API.
stormpy.storage,stormpy.storage.DiceStringVisitor,class,stormpy.storage._storage,C++ binding,KEEP,,
stormpy.storage,stormpy.storage.Distribution,class,stormpy.storage._storage,C++ binding,KEEP,,
stormpy.storage,stormpy.storage.DistributionExact,class,stormpy.storage._storage,C++ binding,CONSOLIDATE,stormpy.storage.Distribution,Value-type specialization; expose one Python dispatcher or facade.
stormpy.storage,stormpy.storage.DistributionInterval,class,stormpy.storage._storage,C++ binding,CONSOLIDATE,stormpy.storage.Distribution,Value-type specialization; expose one Python dispatcher or facade.
stormpy.storage,stormpy.storage.DistributionRationalInterval,class,stormpy.storage._storage,C++ binding,CONSOLIDATE,stormpy.storage.Distribution,Value-type specialization; expose one Python dispatcher or facade.
stormpy.storage,stormpy.storage.eliminate_reward_accumulations,function,stormpy.storage._storage,C++ binding,KEEP,,
stormpy.storage,stormpy.storage.ExactSparseMatrix,class,stormpy.storage._storage,C++ binding,CONSOLIDATE,stormpy.storage.SparseMatrix,Value-type specialization; expose one Python dispatcher or facade.
stormpy.storage,stormpy.storage.ExactSparseMatrixBuilder,class,stormpy.storage._storage,C++ binding,CONSOLIDATE,stormpy.storage.SparseMatrixBuilder,Value-type specialization; expose one Python dispatcher or facade.
stormpy.storage,stormpy.storage.ExactSparseMatrixEntry,class,stormpy.storage._storage,C++ binding,CONSOLIDATE,stormpy.storage.SparseMatrixEntry,Value-type specialization; expose one Python dispatcher or facade.
stormpy.storage,stormpy.storage.ExactSparseMatrixRows,class,stormpy.storage._storage,C++ binding,CONSOLIDATE,stormpy.storage.SparseMatrixRows,Value-type specialization; expose one Python dispatcher or facade.
stormpy.storage,stormpy.storage.export_jani_to_file,function,stormpy.storage._storage,C++ binding,KEEP,,
stormpy.storage,stormpy.storage.Expression,class,stormpy.storage._storage,C++ binding,KEEP,,
stormpy.storage,stormpy.storage.ExpressionManager,class,stormpy.storage._storage,C++ binding,KEEP,,
stormpy.storage,stormpy.storage.ExpressionParser,class,stormpy.storage._storage,C++ binding,KEEP,,
stormpy.storage,stormpy.storage.ExpressionType,class,stormpy.storage._storage,C++ binding,KEEP,,
stormpy.storage,stormpy.storage.get_maximal_end_components,function,stormpy.storage,Python,KEEP,,
stormpy.storage,stormpy.storage.import_umb,function,stormpy.storage._storage,C++ binding,KEEP,,
stormpy.storage,stormpy.storage.IntervalSparseMatrix,class,stormpy.storage._storage,C++ binding,CONSOLIDATE,stormpy.storage.SparseMatrix,Value-type specialization; expose one Python dispatcher or facade.
stormpy.storage,stormpy.storage.IntervalSparseMatrixBuilder,class,stormpy.storage._storage,C++ binding,CONSOLIDATE,stormpy.storage.SparseMatrixBuilder,Value-type specialization; expose one Python dispatcher or facade.
stormpy.storage,stormpy.storage.IntervalSparseMatrixEntry,class,stormpy.storage._storage,C++ binding,CONSOLIDATE,stormpy.storage.SparseMatrixEntry,Value-type specialization; expose one Python dispatcher or facade.
stormpy.storage,stormpy.storage.IntervalSparseMatrixRows,class,stormpy.storage._storage,C++ binding,CONSOLIDATE,stormpy.storage.SparseMatrixRows,Value-type specialization; expose one Python dispatcher or facade.
stormpy.storage,stormpy.storage.ItemLabeling,class,stormpy.storage._storage,C++ binding,KEEP,,
stormpy.storage,stormpy.storage.JaniAssignment,class,stormpy.storage._storage,C++ binding,KEEP,,
stormpy.storage,stormpy.storage.JaniAutomaton,class,stormpy.storage._storage,C++ binding,KEEP,,
stormpy.storage,stormpy.storage.JaniChoiceOrigins,class,stormpy.storage._storage,C++ binding,KEEP,,
stormpy.storage,stormpy.storage.JaniConstant,class,stormpy.storage._storage,C++ binding,KEEP,,
stormpy.storage,stormpy.storage.JaniEdge,class,stormpy.storage._storage,C++ binding,KEEP,,
stormpy.storage,stormpy.storage.JaniEdgeDestination,class,stormpy.storage._storage,C++ binding,KEEP,,
stormpy.storage,stormpy.storage.JaniInformationObject,class,stormpy.storage._storage,C++ binding,KEEP,,
stormpy.storage,stormpy.storage.JaniLocation,class,stormpy.storage._storage,C++ binding,KEEP,,
stormpy.storage,stormpy.storage.JaniLocationExpander,class,stormpy.storage._storage,C++ binding,KEEP,,
stormpy.storage,stormpy.storage.JaniModel,class,stormpy.storage._storage,C++ binding,KEEP,,
stormpy.storage,stormpy.storage.JaniOrderedAssignments,class,stormpy.storage._storage,C++ binding,KEEP,,
stormpy.storage,stormpy.storage.JaniScopeChanger,class,stormpy.storage._storage,C++ binding,KEEP,,
stormpy.storage,stormpy.storage.JaniTemplateEdge,class,stormpy.storage._storage,C++ binding,KEEP,,
stormpy.storage,stormpy.storage.JaniTemplateEdgeDestination,class,stormpy.storage._storage,C++ binding,KEEP,,
stormpy.storage,stormpy.storage.JaniType,class,stormpy.storage._storage,C++ binding,KEEP,,
stormpy.storage,stormpy.storage.JaniVariable,class,stormpy.storage._storage,C++ binding,KEEP,,
stormpy.storage,stormpy.storage.JaniVariableSet,class,stormpy.storage._storage,C++ binding,KEEP,,
stormpy.storage,stormpy.storage.MaximalEndComponent,class,stormpy.storage._storage,C++ binding,KEEP,,
stormpy.storage,stormpy.storage.MaximalEndComponentDecomposition_double,class,stormpy.storage._storage,C++ binding,CONSOLIDATE,stormpy.storage.MaximalEndComponentDecomposition,Value-type specialization; expose one Python dispatcher or facade.
stormpy.storage,stormpy.storage.MaximalEndComponentDecomposition_exact,class,stormpy.storage._storage,C++ binding,CONSOLIDATE,stormpy.storage.MaximalEndComponentDecomposition,Value-type specialization; expose one Python dispatcher or facade.
stormpy.storage,stormpy.storage.MaximalEndComponentDecomposition_interval,class,stormpy.storage._storage,C++ binding,CONSOLIDATE,stormpy.storage.MaximalEndComponentDecomposition,Value-type specialization; expose one Python dispatcher or facade.
stormpy.storage,stormpy.storage.MaximalEndComponentDecomposition_ratfunc,class,stormpy.storage._storage,C++ binding,CONSOLIDATE,stormpy.storage.MaximalEndComponentDecomposition,Value-type specialization; expose one Python dispatcher or facade.
stormpy.storage,stormpy.storage.MaximalEndComponentDecomposition_ratinterval,class,stormpy.storage._storage,C++ binding,CONSOLIDATE,stormpy.storage.MaximalEndComponentDecomposition,Value-type specialization; expose one Python dispatcher or facade.
stormpy.storage,stormpy.storage.MemoryStructure,class,stormpy.storage._storage,C++ binding,KEEP,,
stormpy.storage,stormpy.storage.MemoryStructureBuilder,class,stormpy.storage._storage,C++ binding,KEEP,,
stormpy.storage,stormpy.storage.MemoryStructureBuilderExact,class,stormpy.storage._storage,C++ binding,CONSOLIDATE,stormpy.storage.MemoryStructureBuilder,Value-type specialization; expose one Python dispatcher or facade.
stormpy.storage,stormpy.storage.MemoryStructureBuilderInterval,class,stormpy.storage._storage,C++ binding,CONSOLIDATE,stormpy.storage.MemoryStructureBuilder,Value-type specialization; expose one Python dispatcher or facade.
stormpy.storage,stormpy.storage.MemoryStructureBuilderParametric,class,stormpy.storage._storage,C++ binding,CONSOLIDATE,stormpy.storage.MemoryStructureBuilder,Value-type specialization; expose one Python dispatcher or facade.
stormpy.storage,stormpy.storage.MemoryStructureProduct,class,stormpy.storage._storage,C++ binding,KEEP,,
stormpy.storage,stormpy.storage.MemoryStructureProductExact,class,stormpy.storage._storage,C++ binding,CONSOLIDATE,stormpy.storage.MemoryStructureProduct,Value-type specialization; expose one Python dispatcher or facade.
stormpy.storage,stormpy.storage.MemoryStructureProductInterval,class,stormpy.storage._storage,C++ binding,CONSOLIDATE,stormpy.storage.MemoryStructureProduct,Value-type specialization; expose one Python dispatcher or facade.
stormpy.storage,stormpy.storage.MemoryStructureProductParametric,class,stormpy.storage._storage,C++ binding,CONSOLIDATE,stormpy.storage.MemoryStructureProduct,Value-type specialization; expose one Python dispatcher or facade.
stormpy.storage,stormpy.storage.ModelType,enum,stormpy.storage._storage,C++ binding,KEEP,,
stormpy.storage,stormpy.storage.OperatorType,enum,stormpy.storage._storage,C++ binding,KEEP,,
stormpy.storage,stormpy.storage.OverlappingGuardAnalyser,class,stormpy.storage._storage,C++ binding,KEEP,,
stormpy.storage,stormpy.storage.ParametricSparseMatrix,class,stormpy.storage._storage,C++ binding,CONSOLIDATE,stormpy.storage.SparseMatrix,Value-type specialization; expose one Python dispatcher or facade.
stormpy.storage,stormpy.storage.ParametricSparseMatrixBuilder,class,stormpy.storage._storage,C++ binding,CONSOLIDATE,stormpy.storage.SparseMatrixBuilder,Value-type specialization; expose one Python dispatcher or facade.
stormpy.storage,stormpy.storage.ParametricSparseMatrixEntry,class,stormpy.storage._storage,C++ binding,CONSOLIDATE,stormpy.storage.SparseMatrixEntry,Value-type specialization; expose one Python dispatcher or facade.
stormpy.storage,stormpy.storage.ParametricSparseMatrixRows,class,stormpy.storage._storage,C++ binding,CONSOLIDATE,stormpy.storage.SparseMatrixRows,Value-type specialization; expose one Python dispatcher or facade.
stormpy.storage,stormpy.storage.PolytopeDouble,class,stormpy.storage._storage,C++ binding,CONSOLIDATE,stormpy.storage.Polytope,Value-type specialization; expose one Python dispatcher or facade.
stormpy.storage,stormpy.storage.PolytopeExact,class,stormpy.storage._storage,C++ binding,CONSOLIDATE,stormpy.storage.Polytope,Value-type specialization; expose one Python dispatcher or facade.
stormpy.storage,stormpy.storage.PrismAssignment,class,stormpy.storage._storage,C++ binding,KEEP,,
stormpy.storage,stormpy.storage.PrismBooleanVariable,class,stormpy.storage._storage,C++ binding,KEEP,,
stormpy.storage,stormpy.storage.PrismChoiceOrigins,class,stormpy.storage._storage,C++ binding,KEEP,,
stormpy.storage,stormpy.storage.PrismCommand,class,stormpy.storage._storage,C++ binding,KEEP,,
stormpy.storage,stormpy.storage.PrismConstant,class,stormpy.storage._storage,C++ binding,KEEP,,
stormpy.storage,stormpy.storage.PrismIntegerVariable,class,stormpy.storage._storage,C++ binding,KEEP,,
stormpy.storage,stormpy.storage.PrismLabel,class,stormpy.storage._storage,C++ binding,KEEP,,
stormpy.storage,stormpy.storage.PrismModelType,enum,stormpy.storage._storage,C++ binding,KEEP,,
stormpy.storage,stormpy.storage.PrismModule,class,stormpy.storage._storage,C++ binding,KEEP,,
stormpy.storage,stormpy.storage.PrismProgram,class,stormpy.storage._storage,C++ binding,KEEP,,
stormpy.storage,stormpy.storage.PrismRewardModel,class,stormpy.storage._storage,C++ binding,KEEP,,
stormpy.storage,stormpy.storage.PrismUpdate,class,stormpy.storage._storage,C++ binding,KEEP,,
stormpy.storage,stormpy.storage.PrismVariable,class,stormpy.storage._storage,C++ binding,KEEP,,
stormpy.storage,stormpy.storage.product_model,function,stormpy.storage,Python,KEEP,,
stormpy.storage,stormpy.storage.RationalIntervalSparseMatrix,class,stormpy.storage._storage,C++ binding,CONSOLIDATE,stormpy.storage.SparseMatrix,Value-type specialization; expose one Python dispatcher or facade.
stormpy.storage,stormpy.storage.RationalIntervalSparseMatrixBuilder,class,stormpy.storage._storage,C++ binding,CONSOLIDATE,stormpy.storage.SparseMatrixBuilder,Value-type specialization; expose one Python dispatcher or facade.
stormpy.storage,stormpy.storage.RationalIntervalSparseMatrixEntry,class,stormpy.storage._storage,C++ binding,CONSOLIDATE,stormpy.storage.SparseMatrixEntry,Value-type specialization; expose one Python dispatcher or facade.
stormpy.storage,stormpy.storage.RationalIntervalSparseMatrixRows,class,stormpy.storage._storage,C++ binding,CONSOLIDATE,stormpy.storage.SparseMatrixRows,Value-type specialization; expose one Python dispatcher or facade.
stormpy.storage,stormpy.storage.Scheduler,class,stormpy.storage._storage,C++ binding,KEEP,,
stormpy.storage,stormpy.storage.SchedulerChoice,class,stormpy.storage._storage,C++ binding,KEEP,,
stormpy.storage,stormpy.storage.SchedulerChoiceExact,class,stormpy.storage._storage,C++ binding,CONSOLIDATE,stormpy.storage.SchedulerChoice,Value-type specialization; expose one Python dispatcher or facade.
stormpy.storage,stormpy.storage.SchedulerChoiceInterval,class,stormpy.storage._storage,C++ binding,CONSOLIDATE,stormpy.storage.SchedulerChoice,Value-type specialization; expose one Python dispatcher or facade.
stormpy.storage,stormpy.storage.SchedulerChoiceParametric,class,stormpy.storage._storage,C++ binding,CONSOLIDATE,stormpy.storage.SchedulerChoice,Value-type specialization; expose one Python dispatcher or facade.
stormpy.storage,stormpy.storage.SchedulerChoiceRationalInterval,class,stormpy.storage._storage,C++ binding,CONSOLIDATE,stormpy.storage.SchedulerChoice,Value-type specialization; expose one Python dispatcher or facade.
stormpy.storage,stormpy.storage.SchedulerExact,class,stormpy.storage._storage,C++ binding,CONSOLIDATE,stormpy.storage.Scheduler,Value-type specialization; expose one Python dispatcher or facade.
stormpy.storage,stormpy.storage.SchedulerInterval,class,stormpy.storage._storage,C++ binding,CONSOLIDATE,stormpy.storage.Scheduler,Value-type specialization; expose one Python dispatcher or facade.
stormpy.storage,stormpy.storage.SchedulerParametric,class,stormpy.storage._storage,C++ binding,CONSOLIDATE,stormpy.storage.Scheduler,Value-type specialization; expose one Python dispatcher or facade.
stormpy.storage,stormpy.storage.SchedulerRationalInterval,class,stormpy.storage._storage,C++ binding,CONSOLIDATE,stormpy.storage.Scheduler,Value-type specialization; expose one Python dispatcher or facade.
stormpy.storage,stormpy.storage.SimpleValuation,class,stormpy.storage._storage,C++ binding,KEEP,,
stormpy.storage,stormpy.storage.sparse_model_from_umb,function,stormpy.storage._storage,C++ binding,KEEP,,
stormpy.storage,stormpy.storage.sparse_model_to_umb,function,stormpy.storage._storage,C++ binding,KEEP,,
stormpy.storage,stormpy.storage.SparseCtmc,class,stormpy.storage._storage,C++ binding,KEEP,,
stormpy.storage,stormpy.storage.SparseDtmc,class,stormpy.storage._storage,C++ binding,KEEP,,
stormpy.storage,stormpy.storage.SparseExactCtmc,class,stormpy.storage._storage,C++ binding,CONSOLIDATE,stormpy.storage.SparseCtmc,Value-type specialization; expose one Python dispatcher or facade.
stormpy.storage,stormpy.storage.SparseExactDtmc,class,stormpy.storage._storage,C++ binding,CONSOLIDATE,stormpy.storage.SparseDtmc,Value-type specialization; expose one Python dispatcher or facade.
stormpy.storage,stormpy.storage.SparseExactMA,class,stormpy.storage._storage,C++ binding,CONSOLIDATE,stormpy.storage.SparseMA,Value-type specialization; expose one Python dispatcher or facade.
stormpy.storage,stormpy.storage.SparseExactMdp,class,stormpy.storage._storage,C++ binding,CONSOLIDATE,stormpy.storage.SparseMdp,Value-type specialization; expose one Python dispatcher or facade.
stormpy.storage,stormpy.storage.SparseExactModelAction,class,stormpy.storage._storage,C++ binding,CONSOLIDATE,stormpy.storage.SparseModelAction,Value-type specialization; expose one Python dispatcher or facade.
stormpy.storage,stormpy.storage.SparseExactModelActions,class,stormpy.storage._storage,C++ binding,CONSOLIDATE,stormpy.storage.SparseModelActions,Value-type specialization; expose one Python dispatcher or facade.
stormpy.storage,stormpy.storage.SparseExactModelComponents,class,stormpy.storage._storage,C++ binding,CONSOLIDATE,stormpy.storage.SparseModelComponents,Value-type specialization; expose one Python dispatcher or facade.
stormpy.storage,stormpy.storage.SparseExactModelState,class,stormpy.storage._storage,C++ binding,CONSOLIDATE,stormpy.storage.SparseModelState,Value-type specialization; expose one Python dispatcher or facade.
stormpy.storage,stormpy.storage.SparseExactModelStates,class,stormpy.storage._storage,C++ binding,CONSOLIDATE,stormpy.storage.SparseModelStates,Value-type specialization; expose one Python dispatcher or facade.
stormpy.storage,stormpy.storage.SparseExactPomdp,class,stormpy.storage._storage,C++ binding,CONSOLIDATE,stormpy.storage.SparsePomdp,Value-type specialization; expose one Python dispatcher or facade.
stormpy.storage,stormpy.storage.SparseExactRewardModel,class,stormpy.storage._storage,C++ binding,CONSOLIDATE,stormpy.storage.SparseRewardModel,Value-type specialization; expose one Python dispatcher or facade.
stormpy.storage,stormpy.storage.SparseExactSmg,class,stormpy.storage._storage,C++ binding,CONSOLIDATE,stormpy.storage.SparseSmg,Value-type specialization; expose one Python dispatcher or facade.
stormpy.storage,stormpy.storage.SparseIntervalCtmc,class,stormpy.storage._storage,C++ binding,CONSOLIDATE,stormpy.storage.SparseCtmc,Value-type specialization; expose one Python dispatcher or facade.
stormpy.storage,stormpy.storage.SparseIntervalDtmc,class,stormpy.storage._storage,C++ binding,CONSOLIDATE,stormpy.storage.SparseDtmc,Value-type specialization; expose one Python dispatcher or facade.
stormpy.storage,stormpy.storage.SparseIntervalMA,class,stormpy.storage._storage,C++ binding,CONSOLIDATE,stormpy.storage.SparseMA,Value-type specialization; expose one Python dispatcher or facade.
stormpy.storage,stormpy.storage.SparseIntervalMdp,class,stormpy.storage._storage,C++ binding,CONSOLIDATE,stormpy.storage.SparseMdp,Value-type specialization; expose one Python dispatcher or facade.
stormpy.storage,stormpy.storage.SparseIntervalModelAction,class,stormpy.storage._storage,C++ binding,CONSOLIDATE,stormpy.storage.SparseModelAction,Value-type specialization; expose one Python dispatcher or facade.
stormpy.storage,stormpy.storage.SparseIntervalModelActions,class,stormpy.storage._storage,C++ binding,CONSOLIDATE,stormpy.storage.SparseModelActions,Value-type specialization; expose one Python dispatcher or facade.
stormpy.storage,stormpy.storage.SparseIntervalModelComponents,class,stormpy.storage._storage,C++ binding,CONSOLIDATE,stormpy.storage.SparseModelComponents,Value-type specialization; expose one Python dispatcher or facade.
stormpy.storage,stormpy.storage.SparseIntervalModelState,class,stormpy.storage._storage,C++ binding,CONSOLIDATE,stormpy.storage.SparseModelState,Value-type specialization; expose one Python dispatcher or facade.
stormpy.storage,stormpy.storage.SparseIntervalModelStates,class,stormpy.storage._storage,C++ binding,CONSOLIDATE,stormpy.storage.SparseModelStates,Value-type specialization; expose one Python dispatcher or facade.
stormpy.storage,stormpy.storage.SparseIntervalPomdp,class,stormpy.storage._storage,C++ binding,CONSOLIDATE,stormpy.storage.SparsePomdp,Value-type specialization; expose one Python dispatcher or facade.
stormpy.storage,stormpy.storage.SparseIntervalRewardModel,class,stormpy.storage._storage,C++ binding,CONSOLIDATE,stormpy.storage.SparseRewardModel,Value-type specialization; expose one Python dispatcher or facade.
stormpy.storage,stormpy.storage.SparseIntervalSmg,class,stormpy.storage._storage,C++ binding,CONSOLIDATE,stormpy.storage.SparseSmg,Value-type specialization; expose one Python dispatcher or facade.
stormpy.storage,stormpy.storage.SparseMA,class,stormpy.storage._storage,C++ binding,KEEP,,
stormpy.storage,stormpy.storage.SparseMatrix,class,stormpy.storage._storage,C++ binding,KEEP,,
stormpy.storage,stormpy.storage.SparseMatrixBuilder,class,stormpy.storage._storage,C++ binding,KEEP,,
stormpy.storage,stormpy.storage.SparseMatrixEntry,class,stormpy.storage._storage,C++ binding,KEEP,,
stormpy.storage,stormpy.storage.SparseMatrixRows,class,stormpy.storage._storage,C++ binding,KEEP,,
stormpy.storage,stormpy.storage.SparseMdp,class,stormpy.storage._storage,C++ binding,KEEP,,
stormpy.storage,stormpy.storage.SparseModelAction,class,stormpy.storage._storage,C++ binding,KEEP,,
stormpy.storage,stormpy.storage.SparseModelActions,class,stormpy.storage._storage,C++ binding,KEEP,,
stormpy.storage,stormpy.storage.SparseModelComponents,class,stormpy.storage._storage,C++ binding,KEEP,,
stormpy.storage,stormpy.storage.SparseModelMemoryProductReverseData,class,stormpy.storage._storage,C++ binding,KEEP,,
stormpy.storage,stormpy.storage.SparseModelState,class,stormpy.storage._storage,C++ binding,KEEP,,
stormpy.storage,stormpy.storage.SparseModelStates,class,stormpy.storage._storage,C++ binding,KEEP,,
stormpy.storage,stormpy.storage.SparseParametricCtmc,class,stormpy.storage._storage,C++ binding,CONSOLIDATE,stormpy.storage.SparseCtmc,Value-type specialization; expose one Python dispatcher or facade.
stormpy.storage,stormpy.storage.SparseParametricDtmc,class,stormpy.storage._storage,C++ binding,CONSOLIDATE,stormpy.storage.SparseDtmc,Value-type specialization; expose one Python dispatcher or facade.
stormpy.storage,stormpy.storage.SparseParametricMA,class,stormpy.storage._storage,C++ binding,CONSOLIDATE,stormpy.storage.SparseMA,Value-type specialization; expose one Python dispatcher or facade.
stormpy.storage,stormpy.storage.SparseParametricMdp,class,stormpy.storage._storage,C++ binding,CONSOLIDATE,stormpy.storage.SparseMdp,Value-type specialization; expose one Python dispatcher or facade.
stormpy.storage,stormpy.storage.SparseParametricModelAction,class,stormpy.storage._storage,C++ binding,CONSOLIDATE,stormpy.storage.SparseModelAction,Value-type specialization; expose one Python dispatcher or facade.
stormpy.storage,stormpy.storage.SparseParametricModelActions,class,stormpy.storage._storage,C++ binding,CONSOLIDATE,stormpy.storage.SparseModelActions,Value-type specialization; expose one Python dispatcher or facade.
stormpy.storage,stormpy.storage.SparseParametricModelComponents,class,stormpy.storage._storage,C++ binding,CONSOLIDATE,stormpy.storage.SparseModelComponents,Value-type specialization; expose one Python dispatcher or facade.
stormpy.storage,stormpy.storage.SparseParametricModelState,class,stormpy.storage._storage,C++ binding,CONSOLIDATE,stormpy.storage.SparseModelState,Value-type specialization; expose one Python dispatcher or facade.
stormpy.storage,stormpy.storage.SparseParametricModelStates,class,stormpy.storage._storage,C++ binding,CONSOLIDATE,stormpy.storage.SparseModelStates,Value-type specialization; expose one Python dispatcher or facade.
stormpy.storage,stormpy.storage.SparseParametricPomdp,class,stormpy.storage._storage,C++ binding,CONSOLIDATE,stormpy.storage.SparsePomdp,Value-type specialization; expose one Python dispatcher or facade.
stormpy.storage,stormpy.storage.SparseParametricRewardModel,class,stormpy.storage._storage,C++ binding,CONSOLIDATE,stormpy.storage.SparseRewardModel,Value-type specialization; expose one Python dispatcher or facade.
stormpy.storage,stormpy.storage.SparseParametricSmg,class,stormpy.storage._storage,C++ binding,CONSOLIDATE,stormpy.storage.SparseSmg,Value-type specialization; expose one Python dispatcher or facade.
stormpy.storage,stormpy.storage.SparsePomdp,class,stormpy.storage._storage,C++ binding,KEEP,,
stormpy.storage,stormpy.storage.SparseRationalIntervalCtmc,class,stormpy.storage._storage,C++ binding,CONSOLIDATE,stormpy.storage.SparseCtmc,Value-type specialization; expose one Python dispatcher or facade.
stormpy.storage,stormpy.storage.SparseRationalIntervalDtmc,class,stormpy.storage._storage,C++ binding,CONSOLIDATE,stormpy.storage.SparseDtmc,Value-type specialization; expose one Python dispatcher or facade.
stormpy.storage,stormpy.storage.SparseRationalIntervalMA,class,stormpy.storage._storage,C++ binding,CONSOLIDATE,stormpy.storage.SparseMA,Value-type specialization; expose one Python dispatcher or facade.
stormpy.storage,stormpy.storage.SparseRationalIntervalMdp,class,stormpy.storage._storage,C++ binding,CONSOLIDATE,stormpy.storage.SparseMdp,Value-type specialization; expose one Python dispatcher or facade.
stormpy.storage,stormpy.storage.SparseRationalIntervalModelAction,class,stormpy.storage._storage,C++ binding,CONSOLIDATE,stormpy.storage.SparseModelAction,Value-type specialization; expose one Python dispatcher or facade.
stormpy.storage,stormpy.storage.SparseRationalIntervalModelActions,class,stormpy.storage._storage,C++ binding,CONSOLIDATE,stormpy.storage.SparseModelActions,Value-type specialization; expose one Python dispatcher or facade.
stormpy.storage,stormpy.storage.SparseRationalIntervalModelComponents,class,stormpy.storage._storage,C++ binding,CONSOLIDATE,stormpy.storage.SparseModelComponents,Value-type specialization; expose one Python dispatcher or facade.
stormpy.storage,stormpy.storage.SparseRationalIntervalModelState,class,stormpy.storage._storage,C++ binding,CONSOLIDATE,stormpy.storage.SparseModelState,Value-type specialization; expose one Python dispatcher or facade.
stormpy.storage,stormpy.storage.SparseRationalIntervalModelStates,class,stormpy.storage._storage,C++ binding,CONSOLIDATE,stormpy.storage.SparseModelStates,Value-type specialization; expose one Python dispatcher or facade.
stormpy.storage,stormpy.storage.SparseRationalIntervalPomdp,class,stormpy.storage._storage,C++ binding,CONSOLIDATE,stormpy.storage.SparsePomdp,Value-type specialization; expose one Python dispatcher or facade.
stormpy.storage,stormpy.storage.SparseRationalIntervalRewardModel,class,stormpy.storage._storage,C++ binding,CONSOLIDATE,stormpy.storage.SparseRewardModel,Value-type specialization; expose one Python dispatcher or facade.
stormpy.storage,stormpy.storage.SparseRationalIntervalSmg,class,stormpy.storage._storage,C++ binding,CONSOLIDATE,stormpy.storage.SparseSmg,Value-type specialization; expose one Python dispatcher or facade.
stormpy.storage,stormpy.storage.SparseRewardModel,class,stormpy.storage._storage,C++ binding,KEEP,,
stormpy.storage,stormpy.storage.SparseSmg,class,stormpy.storage._storage,C++ binding,KEEP,,
stormpy.storage,stormpy.storage.StateLabeling,class,stormpy.storage._storage,C++ binding,KEEP,,
stormpy.storage,stormpy.storage.StateValuation,class,stormpy.storage._storage,C++ binding,DEPRECATE,,Already deprecated or retained as a legacy compatibility shim.
stormpy.storage,stormpy.storage.StateValuationsBuilder,class,stormpy.storage,Python,DEPRECATE,,Already deprecated or retained as a legacy compatibility shim.
stormpy.storage,stormpy.storage.StateValuationTransformer,class,stormpy.storage,Python,DEPRECATE,,Already deprecated or retained as a legacy compatibility shim.
stormpy.storage,stormpy.storage.stormpy,module,stormpy,Python,PRIVATE,,Imported implementation/helper module; do not expose as API.
stormpy.storage,stormpy.storage.SymbolicSylvanCtmc,class,stormpy.storage._storage,C++ binding,KEEP,,
stormpy.storage,stormpy.storage.SymbolicSylvanDtmc,class,stormpy.storage._storage,C++ binding,KEEP,,
stormpy.storage,stormpy.storage.SymbolicSylvanExactCtmc,class,stormpy.storage._storage,C++ binding,CONSOLIDATE,stormpy.storage.SymbolicSylvanCtmc,Value-type specialization; expose one Python dispatcher or facade.
stormpy.storage,stormpy.storage.SymbolicSylvanExactDtmc,class,stormpy.storage._storage,C++ binding,CONSOLIDATE,stormpy.storage.SymbolicSylvanDtmc,Value-type specialization; expose one Python dispatcher or facade.
stormpy.storage,stormpy.storage.SymbolicSylvanExactMA,class,stormpy.storage._storage,C++ binding,CONSOLIDATE,stormpy.storage.SymbolicSylvanMA,Value-type specialization; expose one Python dispatcher or facade.
stormpy.storage,stormpy.storage.SymbolicSylvanExactMdp,class,stormpy.storage._storage,C++ binding,CONSOLIDATE,stormpy.storage.SymbolicSylvanMdp,Value-type specialization; expose one Python dispatcher or facade.
stormpy.storage,stormpy.storage.SymbolicSylvanExactRewardModel,class,stormpy.storage._storage,C++ binding,CONSOLIDATE,stormpy.storage.SymbolicSylvanRewardModel,Value-type specialization; expose one Python dispatcher or facade.
stormpy.storage,stormpy.storage.SymbolicSylvanMA,class,stormpy.storage._storage,C++ binding,KEEP,,
stormpy.storage,stormpy.storage.SymbolicSylvanMdp,class,stormpy.storage._storage,C++ binding,KEEP,,
stormpy.storage,stormpy.storage.SymbolicSylvanParametricCtmc,class,stormpy.storage._storage,C++ binding,CONSOLIDATE,stormpy.storage.SymbolicSylvanCtmc,Value-type specialization; expose one Python dispatcher or facade.
stormpy.storage,stormpy.storage.SymbolicSylvanParametricDtmc,class,stormpy.storage._storage,C++ binding,CONSOLIDATE,stormpy.storage.SymbolicSylvanDtmc,Value-type specialization; expose one Python dispatcher or facade.
stormpy.storage,stormpy.storage.SymbolicSylvanParametricMA,class,stormpy.storage._storage,C++ binding,CONSOLIDATE,stormpy.storage.SymbolicSylvanMA,Value-type specialization; expose one Python dispatcher or facade.
stormpy.storage,stormpy.storage.SymbolicSylvanParametricMdp,class,stormpy.storage._storage,C++ binding,CONSOLIDATE,stormpy.storage.SymbolicSylvanMdp,Value-type specialization; expose one Python dispatcher or facade.
stormpy.storage,stormpy.storage.SymbolicSylvanParametricRewardModel,class,stormpy.storage._storage,C++ binding,CONSOLIDATE,stormpy.storage.SymbolicSylvanRewardModel,Value-type specialization; expose one Python dispatcher or facade.
stormpy.storage,stormpy.storage.SymbolicSylvanRewardModel,class,stormpy.storage._storage,C++ binding,KEEP,,
stormpy.storage,stormpy.storage.umb_to_archive,function,stormpy.storage._storage,C++ binding,KEEP,,
stormpy.storage,stormpy.storage.UmbExportOptions,class,stormpy.storage._storage,C++ binding,KEEP,,
stormpy.storage,stormpy.storage.UmbExportValueType,enum,stormpy.storage._storage,C++ binding,KEEP,,
stormpy.storage,stormpy.storage.UmbImportOptions,class,stormpy.storage._storage,C++ binding,KEEP,,
stormpy.storage,stormpy.storage.UmbImportValueType,enum,stormpy.storage._storage,C++ binding,KEEP,,
stormpy.storage,stormpy.storage.UmbModel,class,stormpy.storage._storage,C++ binding,KEEP,,
stormpy.storage,stormpy.storage.Valuation,class,stormpy.storage._storage,C++ binding,KEEP,,
stormpy.storage,stormpy.storage.ValuationClassDescription,class,stormpy.storage._storage,C++ binding,KEEP,,
stormpy.storage,stormpy.storage.ValuationDescriptionBuilder,class,stormpy.storage._storage,C++ binding,KEEP,,
stormpy.storage,stormpy.storage.Valuations,class,stormpy.storage._storage,C++ binding,KEEP,,
stormpy.storage,stormpy.storage.ValuationTransformer,class,stormpy.storage._storage,C++ binding,KEEP,,
stormpy.storage,stormpy.storage.Variable,class,stormpy.storage._storage,C++ binding,KEEP,,
stormpy.logic,stormpy.logic.AtomicExpressionFormula,class,stormpy.logic._logic,C++ binding,KEEP,,
stormpy.logic,stormpy.logic.AtomicLabelFormula,class,stormpy.logic._logic,C++ binding,KEEP,,
stormpy.logic,stormpy.logic.BinaryBooleanOperatorType,enum,stormpy.logic._logic,C++ binding,KEEP,,
stormpy.logic,stormpy.logic.BinaryPathFormula,class,stormpy.logic._logic,C++ binding,KEEP,,
stormpy.logic,stormpy.logic.BinaryStateFormula,class,stormpy.logic._logic,C++ binding,KEEP,,
stormpy.logic,stormpy.logic.BooleanBinaryStateFormula,class,stormpy.logic._logic,C++ binding,KEEP,,
stormpy.logic,stormpy.logic.BooleanLiteralFormula,class,stormpy.logic._logic,C++ binding,KEEP,,
stormpy.logic,stormpy.logic.BoundedUntilFormula,class,stormpy.logic._logic,C++ binding,KEEP,,
stormpy.logic,stormpy.logic.ComparisonType,enum,stormpy.logic._logic,C++ binding,KEEP,,
stormpy.logic,stormpy.logic.ConditionalFormula,class,stormpy.logic._logic,C++ binding,KEEP,,
stormpy.logic,stormpy.logic.CumulativeRewardFormula,class,stormpy.logic._logic,C++ binding,KEEP,,
stormpy.logic,stormpy.logic.EventuallyFormula,class,stormpy.logic._logic,C++ binding,KEEP,,
stormpy.logic,stormpy.logic.Formula,class,stormpy.logic._logic,C++ binding,KEEP,,
stormpy.logic,stormpy.logic.GameFormula,class,stormpy.logic._logic,C++ binding,KEEP,,
stormpy.logic,stormpy.logic.GloballyFormula,class,stormpy.logic._logic,C++ binding,KEEP,,
stormpy.logic,stormpy.logic.InstantaneousRewardFormula,class,stormpy.logic._logic,C++ binding,KEEP,,
stormpy.logic,stormpy.logic.LongRunAvarageOperator,class,stormpy.logic._logic,C++ binding,KEEP,,
stormpy.logic,stormpy.logic.LongRunAverageRewardFormula,class,stormpy.logic._logic,C++ binding,KEEP,,
stormpy.logic,stormpy.logic.MultiObjectiveFormula,class,stormpy.logic._logic,C++ binding,KEEP,,
stormpy.logic,stormpy.logic.OperatorFormula,class,stormpy.logic._logic,C++ binding,KEEP,,
stormpy.logic,stormpy.logic.PathFormula,class,stormpy.logic._logic,C++ binding,KEEP,,
stormpy.logic,stormpy.logic.ProbabilityOperator,class,stormpy.logic._logic,C++ binding,KEEP,,
stormpy.logic,stormpy.logic.RewardOperator,class,stormpy.logic._logic,C++ binding,KEEP,,
stormpy.logic,stormpy.logic.StateFormula,class,stormpy.logic._logic,C++ binding,KEEP,,
stormpy.logic,stormpy.logic.TimeOperator,class,stormpy.logic._logic,C++ binding,KEEP,,
stormpy.logic,stormpy.logic.UnaryBooleanStateFormula,class,stormpy.logic._logic,C++ binding,KEEP,,
stormpy.logic,stormpy.logic.UnaryPathFormula,class,stormpy.logic._logic,C++ binding,KEEP,,
stormpy.logic,stormpy.logic.UnaryStateFormula,class,stormpy.logic._logic,C++ binding,KEEP,,
stormpy.logic,stormpy.logic.UntilFormula,class,stormpy.logic._logic,C++ binding,KEEP,,
stormpy.utility,stormpy.utility.JsonContainerDouble,class,stormpy.utility._utility,C++ binding,CONSOLIDATE,stormpy.utility.JsonContainer,Value-type specialization; expose one Python dispatcher or facade.
stormpy.utility,stormpy.utility.JsonContainerRational,class,stormpy.utility._utility,C++ binding,KEEP,,
stormpy.utility,stormpy.utility.MatrixFormat,enum,stormpy.utility._utility,C++ binding,KEEP,,
stormpy.utility,stormpy.utility.milliseconds,class,stormpy.utility._utility,C++ binding,KEEP,,
stormpy.utility,stormpy.utility.ModelReference,class,stormpy.utility._utility,C++ binding,KEEP,,
stormpy.utility,stormpy.utility.Path,class,stormpy.utility._utility,C++ binding,KEEP,,
stormpy.utility,stormpy.utility.sharpen,function,stormpy.utility._utility,C++ binding,KEEP,,
stormpy.utility,stormpy.utility.ShortestPathsGenerator,class,stormpy.utility._utility,C++ binding,KEEP,,
stormpy.utility,stormpy.utility.SmtCheckResult,enum,stormpy.utility._utility,C++ binding,KEEP,,
stormpy.utility,stormpy.utility.SmtSolver,class,stormpy.utility._utility,C++ binding,KEEP,,
stormpy.utility,stormpy.utility.SmtSolverFactory,class,stormpy.utility._utility,C++ binding,KEEP,,
stormpy.utility,stormpy.utility.Z3SmtSolver,class,stormpy.utility._utility,C++ binding,KEEP,,
stormpy.utility,stormpy.utility.Z3SmtSolverFactory,class,stormpy.utility._utility,C++ binding,KEEP,,
stormpy.utility.multiobjective_plotting,stormpy.utility.multiobjective_plotting.np,module,numpy,external,PRIVATE,,Imported implementation/helper module; do not expose as API.
stormpy.utility.multiobjective_plotting,stormpy.utility.multiobjective_plotting.plot_convex_pareto_curve_demo,function,stormpy.utility.multiobjective_plotting,Python,KEEP,,
stormpy.utility.multiobjective_plotting,stormpy.utility.multiobjective_plotting.prepare_multiobjective_result_for_plotting,function,stormpy.utility.multiobjective_plotting,Python,KEEP,,
stormpy.utility.multiobjective_plotting,stormpy.utility.multiobjective_plotting.stormpy,module,stormpy,Python,PRIVATE,,Imported implementation/helper module; do not expose as API.
stormpy.simulator,stormpy.simulator.create_simulator,function,stormpy.simulator,Python,KEEP,,
stormpy.simulator,stormpy.simulator.Enum,enum,enum,external,PRIVATE,,Accidentally imported external helper; not stormpy API.
stormpy.simulator,stormpy.simulator.PrismSimulator,class,stormpy.simulator,Python,KEEP,,
stormpy.simulator,stormpy.simulator.Simulator,class,stormpy.simulator,Python,KEEP,,
stormpy.simulator,stormpy.simulator.SimulatorActionMode,enum,stormpy.simulator,Python,KEEP,,
stormpy.simulator,stormpy.simulator.SimulatorObservationMode,enum,stormpy.simulator,Python,KEEP,,
stormpy.simulator,stormpy.simulator.SparseSimulator,class,stormpy.simulator,Python,KEEP,,
stormpy.simulator,stormpy.simulator.stormpy,module,stormpy,Python,PRIVATE,,Imported implementation/helper module; do not expose as API.
stormpy.dft,stormpy.dft.analyze_dft,function,stormpy.dft,Python,KEEP,,
stormpy.dft,stormpy.dft.ApproximationHeuristic,enum,stormpy.dft._dft,C++ binding,KEEP,,
stormpy.dft,stormpy.dft.build_model,function,stormpy.dft,Python,KEEP,,
stormpy.dft,stormpy.dft.compute_dependency_conflicts,function,stormpy.dft,Python,KEEP,,
stormpy.dft,stormpy.dft.compute_relevant_events,function,stormpy.dft._dft,C++ binding,KEEP,,
stormpy.dft,stormpy.dft.DFT_double,class,stormpy.dft._dft,C++ binding,CONSOLIDATE,stormpy.dft.DFT,Value-type specialization; expose one Python dispatcher or facade.
stormpy.dft,stormpy.dft.DFT_ratfunc,class,stormpy.dft._dft,C++ binding,CONSOLIDATE,stormpy.dft.DFT,Value-type specialization; expose one Python dispatcher or facade.
stormpy.dft,stormpy.dft.DFTBE_double,class,stormpy.dft._dft,C++ binding,CONSOLIDATE,stormpy.dft.DFTBE,Value-type specialization; expose one Python dispatcher or facade.
stormpy.dft,stormpy.dft.DFTBE_ratfunc,class,stormpy.dft._dft,C++ binding,CONSOLIDATE,stormpy.dft.DFTBE,Value-type specialization; expose one Python dispatcher or facade.
stormpy.dft,stormpy.dft.DFTDependency_double,class,stormpy.dft._dft,C++ binding,CONSOLIDATE,stormpy.dft.DFTDependency,Value-type specialization; expose one Python dispatcher or facade.
stormpy.dft,stormpy.dft.DFTDependency_ratfunc,class,stormpy.dft._dft,C++ binding,CONSOLIDATE,stormpy.dft.DFTDependency,Value-type specialization; expose one Python dispatcher or facade.
stormpy.dft,stormpy.dft.DFTElement_double,class,stormpy.dft._dft,C++ binding,CONSOLIDATE,stormpy.dft.DFTElement,Value-type specialization; expose one Python dispatcher or facade.
stormpy.dft,stormpy.dft.DFTElement_ratfunc,class,stormpy.dft._dft,C++ binding,CONSOLIDATE,stormpy.dft.DFTElement,Value-type specialization; expose one Python dispatcher or facade.
stormpy.dft,stormpy.dft.DFTElementType,enum,stormpy.dft._dft,C++ binding,KEEP,,
stormpy.dft,stormpy.dft.DftIndependentModule,class,stormpy.dft._dft,C++ binding,KEEP,,
stormpy.dft,stormpy.dft.DFTInstantiator,class,stormpy.dft._dft,C++ binding,KEEP,,
stormpy.dft,stormpy.dft.DFTSimulator_double,class,stormpy.dft._dft,C++ binding,CONSOLIDATE,stormpy.dft.DFTSimulator,Value-type specialization; expose one Python dispatcher or facade.
stormpy.dft,stormpy.dft.DFTSimulator_ratfunc,class,stormpy.dft._dft,C++ binding,CONSOLIDATE,stormpy.dft.DFTSimulator,Value-type specialization; expose one Python dispatcher or facade.
stormpy.dft,stormpy.dft.DFTState_double,class,stormpy.dft._dft,C++ binding,CONSOLIDATE,stormpy.dft.DFTState,Value-type specialization; expose one Python dispatcher or facade.
stormpy.dft,stormpy.dft.DFTState_ratfunc,class,stormpy.dft._dft,C++ binding,CONSOLIDATE,stormpy.dft.DFTState,Value-type specialization; expose one Python dispatcher or facade.
stormpy.dft,stormpy.dft.DFTStateInfo,class,stormpy.dft._dft,C++ binding,KEEP,,
stormpy.dft,stormpy.dft.DftSymmetries,class,stormpy.dft._dft,C++ binding,KEEP,,
stormpy.dft,stormpy.dft.ExplicitDFTModelBuilder_double,class,stormpy.dft._dft,C++ binding,CONSOLIDATE,stormpy.dft.ExplicitDFTModelBuilder,Value-type specialization; expose one Python dispatcher or facade.
stormpy.dft,stormpy.dft.ExplicitDFTModelBuilder_ratfunc,class,stormpy.dft._dft,C++ binding,CONSOLIDATE,stormpy.dft.ExplicitDFTModelBuilder,Value-type specialization; expose one Python dispatcher or facade.
stormpy.dft,stormpy.dft.export_dft_json_file,function,stormpy.dft._dft,C++ binding,KEEP,,
stormpy.dft,stormpy.dft.export_dft_json_string,function,stormpy.dft._dft,C++ binding,KEEP,,
stormpy.dft,stormpy.dft.export_parametric_dft_json_file,function,stormpy.dft._dft,C++ binding,CONSOLIDATE,stormpy.dft.export_dft_json_file,Value-type specialization; expose one Python dispatcher or facade.
stormpy.dft,stormpy.dft.export_parametric_dft_json_string,function,stormpy.dft._dft,C++ binding,CONSOLIDATE,stormpy.dft.export_dft_json_string,Value-type specialization; expose one Python dispatcher or facade.
stormpy.dft,stormpy.dft.FailableElement,class,stormpy.dft._dft,C++ binding,KEEP,,
stormpy.dft,stormpy.dft.FailableElements,class,stormpy.dft._dft,C++ binding,KEEP,,
stormpy.dft,stormpy.dft.FailableIterator,class,stormpy.dft._dft,C++ binding,KEEP,,
stormpy.dft,stormpy.dft.get_parameters,function,stormpy.dft._dft,C++ binding,KEEP,,
stormpy.dft,stormpy.dft.has_potential_modeling_issues,function,stormpy.dft,Python,KEEP,,
stormpy.dft,stormpy.dft.is_well_formed,function,stormpy.dft,Python,KEEP,,
stormpy.dft,stormpy.dft.load_dft_galileo_file,function,stormpy.dft._dft,C++ binding,KEEP,,
stormpy.dft,stormpy.dft.load_dft_json_file,function,stormpy.dft._dft,C++ binding,KEEP,,
stormpy.dft,stormpy.dft.load_dft_json_string,function,stormpy.dft._dft,C++ binding,KEEP,,
stormpy.dft,stormpy.dft.load_parametric_dft_galileo_file,function,stormpy.dft._dft,C++ binding,CONSOLIDATE,stormpy.dft.load_dft_galileo_file,Value-type specialization; expose one Python dispatcher or facade.
stormpy.dft,stormpy.dft.load_parametric_dft_json_file,function,stormpy.dft._dft,C++ binding,CONSOLIDATE,stormpy.dft.load_dft_json_file,Value-type specialization; expose one Python dispatcher or facade.
stormpy.dft,stormpy.dft.load_parametric_dft_json_string,function,stormpy.dft._dft,C++ binding,CONSOLIDATE,stormpy.dft.load_dft_json_string,Value-type specialization; expose one Python dispatcher or facade.
stormpy.dft,stormpy.dft.modules,module,stormpy.dft.modules,Python,KEEP,,
stormpy.dft,stormpy.dft.modules_json,function,stormpy.dft.modules,Python,KEEP,,
stormpy.dft,stormpy.dft.prepare_for_analysis,function,stormpy.dft,Python,KEEP,,
stormpy.dft,stormpy.dft.RandomGenerator,class,stormpy.dft._dft,C++ binding,KEEP,,
stormpy.dft,stormpy.dft.RelevantEvents,class,stormpy.dft._dft,C++ binding,KEEP,,
stormpy.dft,stormpy.dft.SimulationStepResult,enum,stormpy.dft._dft,C++ binding,KEEP,,
stormpy.dft,stormpy.dft.SimulationTraceResult,enum,stormpy.dft._dft,C++ binding,KEEP,,
stormpy.dft,stormpy.dft.transform_dft,function,stormpy.dft,Python,KEEP,,
stormpy.dft.modules,stormpy.dft.modules.modules_json,function,stormpy.dft.modules,Python,KEEP,,
stormpy.dft.modules,stormpy.dft.modules.stormpy,module,stormpy,Python,PRIVATE,,Imported implementation/helper module; do not expose as API.
stormpy.dft.simulator,stormpy.dft.simulator.DftSimulator,class,stormpy.dft.simulator,Python,KEEP,,
stormpy.dft.simulator,stormpy.dft.simulator.stormpy,module,stormpy,Python,PRIVATE,,Imported implementation/helper module; do not expose as API.
stormpy.gspn,stormpy.gspn.GSPN,class,stormpy.gspn._gspn,C++ binding,KEEP,,
stormpy.gspn,stormpy.gspn.GSPNBuilder,class,stormpy.gspn._gspn,C++ binding,KEEP,,
stormpy.gspn,stormpy.gspn.GSPNParser,class,stormpy.gspn._gspn,C++ binding,KEEP,,
stormpy.gspn,stormpy.gspn.GSPNToJaniBuilder,class,stormpy.gspn._gspn,C++ binding,KEEP,,
stormpy.gspn,stormpy.gspn.ImmediateTransition,class,stormpy.gspn._gspn,C++ binding,KEEP,,
stormpy.gspn,stormpy.gspn.LayoutInfo,class,stormpy.gspn._gspn,C++ binding,KEEP,,
stormpy.gspn,stormpy.gspn.Place,class,stormpy.gspn._gspn,C++ binding,KEEP,,
stormpy.gspn,stormpy.gspn.TimedTransition,class,stormpy.gspn._gspn,C++ binding,KEEP,,
stormpy.gspn,stormpy.gspn.Transition,class,stormpy.gspn._gspn,C++ binding,KEEP,,
stormpy.gspn,stormpy.gspn.TransitionPartition,class,stormpy.gspn._gspn,C++ binding,KEEP,,
stormpy.pars,stormpy.pars.create_region_checker,function,stormpy.pars._pars,C++ binding,KEEP,,
stormpy.pars,stormpy.pars.create_region_refinement_checker,function,stormpy.pars._pars,C++ binding,KEEP,,
stormpy.pars,stormpy.pars.DtmcParameterLiftingModelChecker,class,stormpy.pars._pars,C++ binding,KEEP,,
stormpy.pars,stormpy.pars.gather_derivatives,function,stormpy.pars._pars,C++ binding,KEEP,,
stormpy.pars,stormpy.pars.MdpParameterLiftingModelChecker,class,stormpy.pars._pars,C++ binding,KEEP,,
stormpy.pars,stormpy.pars.ModelInstantiator,class,stormpy.pars,Python,KEEP,,
stormpy.pars,stormpy.pars.ModelType,enum,stormpy.storage._storage,C++ binding,KEEP,,
stormpy.pars,stormpy.pars.ParameterRegion,class,stormpy.pars._pars,C++ binding,KEEP,,
stormpy.pars,stormpy.pars.PartialPCtmcInstantiator,class,stormpy.pars._pars,C++ binding,KEEP,,
stormpy.pars,stormpy.pars.PartialPDtmcInstantiator,class,stormpy.pars._pars,C++ binding,KEEP,,
stormpy.pars,stormpy.pars.PartialPMaInstantiator,class,stormpy.pars._pars,C++ binding,KEEP,,
stormpy.pars,stormpy.pars.PartialPMdpInstantiator,class,stormpy.pars._pars,C++ binding,KEEP,,
stormpy.pars,stormpy.pars.PCtmcExactInstantiationChecker,class,stormpy.pars._pars,C++ binding,CONSOLIDATE,stormpy.pars.PCtmcInstantiationChecker,Value-type specialization; expose one Python dispatcher or facade.
stormpy.pars,stormpy.pars.PCtmcInstantiationChecker,class,stormpy.pars._pars,C++ binding,KEEP,,
stormpy.pars,stormpy.pars.PCtmcInstantiator,class,stormpy.pars._pars,C++ binding,KEEP,,
stormpy.pars,stormpy.pars.PDtmcExactInstantiationChecker,class,stormpy.pars._pars,C++ binding,CONSOLIDATE,stormpy.pars.PDtmcInstantiationChecker,Value-type specialization; expose one Python dispatcher or facade.
stormpy.pars,stormpy.pars.PDtmcInstantiationChecker,class,stormpy.pars._pars,C++ binding,KEEP,,
stormpy.pars,stormpy.pars.PDtmcInstantiator,class,stormpy.pars._pars,C++ binding,KEEP,,
stormpy.pars,stormpy.pars.PMaInstantiator,class,stormpy.pars._pars,C++ binding,KEEP,,
stormpy.pars,stormpy.pars.PMdpExactInstantiationChecker,class,stormpy.pars._pars,C++ binding,CONSOLIDATE,stormpy.pars.PMdpInstantiationChecker,Value-type specialization; expose one Python dispatcher or facade.
stormpy.pars,stormpy.pars.PMdpInstantiationChecker,class,stormpy.pars._pars,C++ binding,KEEP,,
stormpy.pars,stormpy.pars.PMdpInstantiator,class,stormpy.pars._pars,C++ binding,KEEP,,
stormpy.pars,stormpy.pars.RegionModelChecker,class,stormpy.pars._pars,C++ binding,KEEP,,
stormpy.pars,stormpy.pars.RegionRefinementChecker,class,stormpy.pars._pars,C++ binding,KEEP,,
stormpy.pars,stormpy.pars.RegionResult,enum,stormpy.pars._pars,C++ binding,KEEP,,
stormpy.pars,stormpy.pars.RegionResultHypothesis,enum,stormpy.pars._pars,C++ binding,KEEP,,
stormpy.pars,stormpy.pars.simplify_model,function,stormpy.pars,Python,KEEP,,
stormpy.pomdp,stormpy.pomdp.apply_unknown_fsc,function,stormpy.pomdp,Python,KEEP,,
stormpy.pomdp,stormpy.pomdp.BeliefExplorationModelCheckerDouble,class,stormpy.pomdp._pomdp,C++ binding,CONSOLIDATE,stormpy.pomdp.BeliefExplorationModelChecker,Value-type specialization; expose one Python dispatcher or facade.
stormpy.pomdp,stormpy.pomdp.BeliefExplorationModelCheckerOptionsDouble,class,stormpy.pomdp._pomdp,C++ binding,CONSOLIDATE,stormpy.pomdp.BeliefExplorationModelCheckerOptions,Value-type specialization; expose one Python dispatcher or facade.
stormpy.pomdp,stormpy.pomdp.BeliefExplorationPomdpModelCheckerResultDouble,class,stormpy.pomdp._pomdp,C++ binding,CONSOLIDATE,stormpy.pomdp.BeliefExplorationPomdpModelCheckerResult,Value-type specialization; expose one Python dispatcher or facade.
stormpy.pomdp,stormpy.pomdp.BeliefMdpExplorerDouble,class,stormpy.pomdp._pomdp,C++ binding,CONSOLIDATE,stormpy.pomdp.BeliefMdpExplorer,Value-type specialization; expose one Python dispatcher or facade.
stormpy.pomdp,stormpy.pomdp.BeliefSupportTrackerDouble,class,stormpy.pomdp._pomdp,C++ binding,CONSOLIDATE,stormpy.pomdp.BeliefSupportTracker,Value-type specialization; expose one Python dispatcher or facade.
stormpy.pomdp,stormpy.pomdp.BeliefSupportTrackerExact,class,stormpy.pomdp._pomdp,C++ binding,CONSOLIDATE,stormpy.pomdp.BeliefSupportTracker,Value-type specialization; expose one Python dispatcher or facade.
stormpy.pomdp,stormpy.pomdp.BeliefSupportWinningRegion,class,stormpy.pomdp._pomdp,C++ binding,KEEP,,
stormpy.pomdp,stormpy.pomdp.BeliefSupportWinningRegionQueryInterfaceDouble,class,stormpy.pomdp._pomdp,C++ binding,CONSOLIDATE,stormpy.pomdp.BeliefSupportWinningRegionQueryInterface,Value-type specialization; expose one Python dispatcher or facade.
stormpy.pomdp,stormpy.pomdp.create_interactive_mc,function,stormpy.pomdp._pomdp,C++ binding,KEEP,,
stormpy.pomdp,stormpy.pomdp.create_iterative_qualitative_search_solver_Double,function,stormpy.pomdp._pomdp,C++ binding,CONSOLIDATE,stormpy.pomdp.create_iterative_qualitative_search_solver,Value-type specialization; expose one Python dispatcher or facade.
stormpy.pomdp,stormpy.pomdp.create_nondeterminstic_belief_tracker,function,stormpy.pomdp,Python,KEEP,,
stormpy.pomdp,stormpy.pomdp.create_observation_trace_unfolder,function,stormpy.pomdp,Python,KEEP,,
stormpy.pomdp,stormpy.pomdp.GenerateMonitorVerifierDouble,class,stormpy.pomdp._pomdp,C++ binding,CONSOLIDATE,stormpy.pomdp.GenerateMonitorVerifier,Value-type specialization; expose one Python dispatcher or facade.
stormpy.pomdp,stormpy.pomdp.GenerateMonitorVerifierDoubleOptions,class,stormpy.pomdp._pomdp,C++ binding,CONSOLIDATE,stormpy.pomdp.GenerateMonitorVerifierOptions,Value-type specialization; expose one Python dispatcher or facade.
stormpy.pomdp,stormpy.pomdp.GenerateMonitorVerifierExact,class,stormpy.pomdp._pomdp,C++ binding,CONSOLIDATE,stormpy.pomdp.GenerateMonitorVerifier,Value-type specialization; expose one Python dispatcher or facade.
stormpy.pomdp,stormpy.pomdp.GenerateMonitorVerifierExactOptions,class,stormpy.pomdp._pomdp,C++ binding,CONSOLIDATE,stormpy.pomdp.GenerateMonitorVerifierOptions,Value-type specialization; expose one Python dispatcher or facade.
stormpy.pomdp,stormpy.pomdp.IterativeQualitativeSearchOptions,class,stormpy.pomdp._pomdp,C++ binding,KEEP,,
stormpy.pomdp,stormpy.pomdp.IterativeQualitativeSearchSolverDouble,class,stormpy.pomdp._pomdp,C++ binding,CONSOLIDATE,stormpy.pomdp.IterativeQualitativeSearchSolver,Value-type specialization; expose one Python dispatcher or facade.
stormpy.pomdp,stormpy.pomdp.make_canonic,function,stormpy.pomdp,Python,KEEP,,
stormpy.pomdp,stormpy.pomdp.make_simple,function,stormpy.pomdp,Python,KEEP,,
stormpy.pomdp,stormpy.pomdp.MonitorVerifierDouble,class,stormpy.pomdp._pomdp,C++ binding,CONSOLIDATE,stormpy.pomdp.MonitorVerifier,Value-type specialization; expose one Python dispatcher or facade.
stormpy.pomdp,stormpy.pomdp.MonitorVerifierExact,class,stormpy.pomdp._pomdp,C++ binding,CONSOLIDATE,stormpy.pomdp.MonitorVerifier,Value-type specialization; expose one Python dispatcher or facade.
stormpy.pomdp,stormpy.pomdp.NondeterministicBeliefTrackerDoubleSparse,class,stormpy.pomdp._pomdp,C++ binding,CONSOLIDATE,stormpy.pomdp.NondeterministicBeliefTrackerSparse,Value-type specialization; expose one Python dispatcher or facade.
stormpy.pomdp,stormpy.pomdp.NondeterministicBeliefTrackerDoubleSparseOptions,class,stormpy.pomdp._pomdp,C++ binding,CONSOLIDATE,stormpy.pomdp.NondeterministicBeliefTrackerSparseOptions,Value-type specialization; expose one Python dispatcher or facade.
stormpy.pomdp,stormpy.pomdp.NondeterministicBeliefTrackerExactSparse,class,stormpy.pomdp._pomdp,C++ binding,CONSOLIDATE,stormpy.pomdp.NondeterministicBeliefTrackerSparse,Value-type specialization; expose one Python dispatcher or facade.
stormpy.pomdp,stormpy.pomdp.NondeterministicBeliefTrackerExactSparseOptions,class,stormpy.pomdp._pomdp,C++ binding,CONSOLIDATE,stormpy.pomdp.NondeterministicBeliefTrackerSparseOptions,Value-type specialization; expose one Python dispatcher or facade.
stormpy.pomdp,stormpy.pomdp.ObservationTraceUnfolderDouble,class,stormpy.pomdp._pomdp,C++ binding,CONSOLIDATE,stormpy.pomdp.ObservationTraceUnfolder,Value-type specialization; expose one Python dispatcher or facade.
stormpy.pomdp,stormpy.pomdp.ObservationTraceUnfolderExact,class,stormpy.pomdp._pomdp,C++ binding,CONSOLIDATE,stormpy.pomdp.ObservationTraceUnfolder,Value-type specialization; expose one Python dispatcher or facade.
stormpy.pomdp,stormpy.pomdp.ObservationTraceUnfolderInterval,class,stormpy.pomdp._pomdp,C++ binding,CONSOLIDATE,stormpy.pomdp.ObservationTraceUnfolder,Value-type specialization; expose one Python dispatcher or facade.
stormpy.pomdp,stormpy.pomdp.ObservationTraceUnfolderOptions,class,stormpy.pomdp._pomdp,C++ binding,KEEP,,
stormpy.pomdp,stormpy.pomdp.ObservationTraceUnfolderParametric,class,stormpy.pomdp._pomdp,C++ binding,CONSOLIDATE,stormpy.pomdp.ObservationTraceUnfolder,Value-type specialization; expose one Python dispatcher or facade.
stormpy.pomdp,stormpy.pomdp.ObservationTraceUnfolderRationalInterval,class,stormpy.pomdp._pomdp,C++ binding,CONSOLIDATE,stormpy.pomdp.ObservationTraceUnfolder,Value-type specialization; expose one Python dispatcher or facade.
stormpy.pomdp,stormpy.pomdp.PomdpFscApplicationMode,enum,stormpy.pomdp._pomdp,C++ binding,KEEP,,
stormpy.pomdp,stormpy.pomdp.PomdpMemory,class,stormpy.pomdp._pomdp,C++ binding,KEEP,,
stormpy.pomdp,stormpy.pomdp.PomdpMemoryBuilder,class,stormpy.pomdp._pomdp,C++ binding,KEEP,,
stormpy.pomdp,stormpy.pomdp.PomdpMemoryPattern,enum,stormpy.pomdp._pomdp,C++ binding,KEEP,,
stormpy.pomdp,stormpy.pomdp.prepare_pomdp_for_qualitative_search_Double,function,stormpy.pomdp._pomdp,C++ binding,CONSOLIDATE,stormpy.pomdp.prepare_pomdp_for_qualitative_search,Value-type specialization; expose one Python dispatcher or facade.
stormpy.pomdp,stormpy.pomdp.SparseBeliefStateDouble,class,stormpy.pomdp._pomdp,C++ binding,CONSOLIDATE,stormpy.pomdp.SparseBeliefState,Value-type specialization; expose one Python dispatcher or facade.
stormpy.pomdp,stormpy.pomdp.SparseBeliefStateExact,class,stormpy.pomdp._pomdp,C++ binding,CONSOLIDATE,stormpy.pomdp.SparseBeliefState,Value-type specialization; expose one Python dispatcher or facade.
stormpy.pomdp,stormpy.pomdp.unfold_memory,function,stormpy.pomdp,Python,KEEP,,
stormpy.info,stormpy.info.storm_build_type,function,stormpy.info,Python,KEEP,,
stormpy.info,stormpy.info.storm_development_version,function,stormpy.info,Python,KEEP,,
stormpy.info,stormpy.info.storm_directory,function,stormpy.info,Python,KEEP,,
stormpy.info,stormpy.info.storm_exact_use_cln,function,stormpy.info,Python,KEEP,,
stormpy.info,stormpy.info.storm_from_system,function,stormpy.info,Python,KEEP,,
stormpy.info,stormpy.info.storm_origin_info,function,stormpy.info,Python,KEEP,,
stormpy.info,stormpy.info.storm_ratfunc_use_cln,function,stormpy.info,Python,KEEP,,
stormpy.info,stormpy.info.storm_version,function,stormpy.info,Python,KEEP,,
stormpy.info,stormpy.info.Version,class,stormpy.info._info,C++ binding,KEEP,,
stormpy.exceptions,stormpy.exceptions.storm_error,module,stormpy.exceptions.storm_error,Python,PRIVATE,,Imported implementation/helper module; do not expose as API.
stormpy.exceptions,stormpy.exceptions.StormError,class,stormpy.exceptions.storm_error,Python,KEEP,,
stormpy.examples.files,stormpy.examples.files.dft_galileo_hecs,constant,builtins,external,KEEP,,
stormpy.examples.files,stormpy.examples.files.dft_json_and,constant,builtins,external,KEEP,,
stormpy.examples.files,stormpy.examples.files.drn_ctmc_dft,constant,builtins,external,KEEP,,
stormpy.examples.files,stormpy.examples.files.drn_pdtmc_die,constant,builtins,external,KEEP,,
stormpy.examples.files,stormpy.examples.files.drn_pomdp_maze,constant,builtins,external,KEEP,,
stormpy.examples.files,stormpy.examples.files.gspn_pnml_simple,constant,builtins,external,KEEP,,
stormpy.examples.files,stormpy.examples.files.gspn_pnpro_simple,constant,builtins,external,KEEP,,
stormpy.examples.files,stormpy.examples.files.jani_dtmc_die,constant,builtins,external,KEEP,,
stormpy.examples.files,stormpy.examples.files.os,module,os,external,PRIVATE,,Imported implementation/helper module; do not expose as API.
stormpy.examples.files,stormpy.examples.files.prism_dtmc_brp,constant,builtins,external,KEEP,,
stormpy.examples.files,stormpy.examples.files.prism_dtmc_die,constant,builtins,external,KEEP,,
stormpy.examples.files,stormpy.examples.files.prism_ma_simple,constant,builtins,external,KEEP,,
stormpy.examples.files,stormpy.examples.files.prism_mdp_coin_2_2,constant,builtins,external,KEEP,,
stormpy.examples.files,stormpy.examples.files.prism_mdp_firewire,constant,builtins,external,KEEP,,
stormpy.examples.files,stormpy.examples.files.prism_mdp_maze,constant,builtins,external,KEEP,,
stormpy.examples.files,stormpy.examples.files.prism_mdp_maze_multigoal,constant,builtins,external,KEEP,,
stormpy.examples.files,stormpy.examples.files.prism_mdp_slipgrid,constant,builtins,external,KEEP,,
stormpy.examples.files,stormpy.examples.files.prism_mdp_slipgrid_sketch,constant,builtins,external,KEEP,,
stormpy.examples.files,stormpy.examples.files.prism_par_pomdp_maze,constant,builtins,external,KEEP,,
stormpy.examples.files,stormpy.examples.files.prism_pdtmc_brp,constant,builtins,external,KEEP,,
stormpy.examples.files,stormpy.examples.files.prism_pdtmc_die,constant,builtins,external,KEEP,,
stormpy.examples.files,stormpy.examples.files.prism_pmdp_coin_two_dice,constant,builtins,external,KEEP,,
stormpy.examples.files,stormpy.examples.files.prism_pomdp_maze,constant,builtins,external,KEEP,,
stormpy.examples.files,stormpy.examples.files.testfile_dir,constant,builtins,external,KEEP,,
stormpy.pycarl,stormpy.pycarl.abs,function,stormpy.pycarl._pycarl_core,C++ binding,KEEP,,
stormpy.pycarl,stormpy.pycarl.BoundType,enum,stormpy.pycarl._pycarl_core,C++ binding,KEEP,,
stormpy.pycarl,stormpy.pycarl.carl_version,function,stormpy.pycarl,Python,KEEP,,
stormpy.pycarl,stormpy.pycarl.ceil,function,stormpy.pycarl._pycarl_core,C++ binding,KEEP,,
stormpy.pycarl,stormpy.pycarl.clear_monomial_pool,function,stormpy.pycarl._pycarl_core,C++ binding,KEEP,,
stormpy.pycarl,stormpy.pycarl.clear_pools,function,stormpy.pycarl,Python,KEEP,,
stormpy.pycarl,stormpy.pycarl.clear_variable_pool,function,stormpy.pycarl._pycarl_core,C++ binding,KEEP,,
stormpy.pycarl,stormpy.pycarl.cln,module,stormpy.pycarl.cln,Python,KEEP,,
stormpy.pycarl,stormpy.pycarl.create_monomial,function,stormpy.pycarl._pycarl_core,C++ binding,KEEP,,
stormpy.pycarl,stormpy.pycarl.div,function,stormpy.pycarl._pycarl_core,C++ binding,KEEP,,
stormpy.pycarl,stormpy.pycarl.floor,function,stormpy.pycarl._pycarl_core,C++ binding,KEEP,,
stormpy.pycarl,stormpy.pycarl.gmp,module,stormpy.pycarl.gmp,Python,KEEP,,
stormpy.pycarl,stormpy.pycarl.has_cln,function,stormpy.pycarl,Python,KEEP,,
stormpy.pycarl,stormpy.pycarl.inf,constant,stormpy.pycarl.infinity,Python,KEEP,,
stormpy.pycarl,stormpy.pycarl.infinity,module,stormpy.pycarl.infinity,Python,KEEP,,
stormpy.pycarl,stormpy.pycarl.Interval,class,stormpy.pycarl._pycarl_core,C++ binding,KEEP,,
stormpy.pycarl,stormpy.pycarl.isInteger,function,stormpy.pycarl._pycarl_core,C++ binding,KEEP,,
stormpy.pycarl,stormpy.pycarl.Monomial,class,stormpy.pycarl._pycarl_core,C++ binding,KEEP,,
stormpy.pycarl,stormpy.pycarl.NoPicklingSupport,class,stormpy.pycarl._pycarl_core,C++ binding,KEEP,,
stormpy.pycarl,stormpy.pycarl.pow,function,stormpy.pycarl._pycarl_core,C++ binding,KEEP,,
stormpy.pycarl,stormpy.pycarl.quotient,function,stormpy.pycarl._pycarl_core,C++ binding,KEEP,,
stormpy.pycarl,stormpy.pycarl.Variable,class,stormpy.pycarl._pycarl_core,C++ binding,KEEP,,
stormpy.pycarl,stormpy.pycarl.variable_with_name,function,stormpy.pycarl._pycarl_core,C++ binding,KEEP,,
stormpy.pycarl,stormpy.pycarl.VariableType,enum,stormpy.pycarl._pycarl_core,C++ binding,KEEP,,
stormpy.pycarl.formula,stormpy.pycarl.formula.FormulaType,enum,stormpy.pycarl.formula,Python,KEEP,,
stormpy.pycarl.formula,stormpy.pycarl.formula.Relation,enum,stormpy.pycarl.formula,Python,KEEP,,
stormpy.pycarl.cln,stormpy.pycarl.cln.abs,function,stormpy.pycarl.cln,Python,KEEP,,
stormpy.pycarl.cln,stormpy.pycarl.cln.ceil,function,stormpy.pycarl.cln,Python,KEEP,,
stormpy.pycarl.cln,stormpy.pycarl.cln.create_factorized_polynomial,function,stormpy.pycarl.cln,Python,KEEP,,
stormpy.pycarl.cln,stormpy.pycarl.cln.denominator,function,stormpy.pycarl.cln,Python,KEEP,,
stormpy.pycarl.cln,stormpy.pycarl.cln.div,function,stormpy.pycarl.cln,Python,KEEP,,
stormpy.pycarl.cln,stormpy.pycarl.cln.expand,function,stormpy.pycarl.cln,Python,KEEP,,
stormpy.pycarl.cln,stormpy.pycarl.cln.Factorization,class,stormpy.pycarl.cln,Python,KEEP,,
stormpy.pycarl.cln,stormpy.pycarl.cln.factorization_cache,constant,stormpy.pycarl.cln,Python,KEEP,,
stormpy.pycarl.cln,stormpy.pycarl.cln.FactorizedPolynomial,class,stormpy.pycarl.cln,Python,KEEP,,
stormpy.pycarl.cln,stormpy.pycarl.cln.FactorizedRationalFunction,class,stormpy.pycarl.cln,Python,KEEP,,
stormpy.pycarl.cln,stormpy.pycarl.cln.floor,function,stormpy.pycarl.cln,Python,KEEP,,
stormpy.pycarl.cln,stormpy.pycarl.cln.Integer,class,stormpy.pycarl.cln,Python,KEEP,,
stormpy.pycarl.cln,stormpy.pycarl.cln.Interval,class,stormpy.pycarl.cln,Python,KEEP,,
stormpy.pycarl.cln,stormpy.pycarl.cln.isInteger,function,stormpy.pycarl.cln,Python,KEEP,,
stormpy.pycarl.cln,stormpy.pycarl.cln.numerator,function,stormpy.pycarl.cln,Python,KEEP,,
stormpy.pycarl.cln,stormpy.pycarl.cln.Polynomial,class,stormpy.pycarl.cln,Python,KEEP,,
stormpy.pycarl.cln,stormpy.pycarl.cln.pow,function,stormpy.pycarl.cln,Python,KEEP,,
stormpy.pycarl.cln,stormpy.pycarl.cln.quotient,function,stormpy.pycarl.cln,Python,KEEP,,
stormpy.pycarl.cln,stormpy.pycarl.cln.Rational,class,stormpy.pycarl.cln,Python,KEEP,,
stormpy.pycarl.cln,stormpy.pycarl.cln.RationalFunction,class,stormpy.pycarl.cln,Python,KEEP,,
stormpy.pycarl.cln,stormpy.pycarl.cln.Term,class,stormpy.pycarl.cln,Python,KEEP,,
stormpy.pycarl.cln.formula,stormpy.pycarl.cln.formula.Constraint,class,stormpy.pycarl.formula,Python,KEEP,,
stormpy.pycarl.cln.formula,stormpy.pycarl.cln.formula.Formula,class,stormpy.pycarl.formula,Python,KEEP,,
stormpy.pycarl.cln.formula,stormpy.pycarl.cln.formula.SimpleConstraint,class,stormpy.pycarl.formula,Python,KEEP,,
stormpy.pycarl.cln.formula,stormpy.pycarl.cln.formula.SimpleConstraintRatFunc,class,stormpy.pycarl.formula,Python,KEEP,,
stormpy.pycarl.gmp,stormpy.pycarl.gmp.abs,function,stormpy.pycarl.gmp,Python,KEEP,,
stormpy.pycarl.gmp,stormpy.pycarl.gmp.ceil,function,stormpy.pycarl.gmp,Python,KEEP,,
stormpy.pycarl.gmp,stormpy.pycarl.gmp.create_factorized_polynomial,function,stormpy.pycarl.gmp,Python,KEEP,,
stormpy.pycarl.gmp,stormpy.pycarl.gmp.denominator,function,stormpy.pycarl.gmp,Python,KEEP,,
stormpy.pycarl.gmp,stormpy.pycarl.gmp.div,function,stormpy.pycarl.gmp,Python,KEEP,,
stormpy.pycarl.gmp,stormpy.pycarl.gmp.expand,function,stormpy.pycarl.gmp,Python,KEEP,,
stormpy.pycarl.gmp,stormpy.pycarl.gmp.Factorization,class,stormpy.pycarl.gmp,Python,KEEP,,
stormpy.pycarl.gmp,stormpy.pycarl.gmp.factorization_cache,constant,stormpy.pycarl.gmp,Python,KEEP,,
stormpy.pycarl.gmp,stormpy.pycarl.gmp.FactorizedPolynomial,class,stormpy.pycarl.gmp,Python,KEEP,,
stormpy.pycarl.gmp,stormpy.pycarl.gmp.FactorizedRationalFunction,class,stormpy.pycarl.gmp,Python,KEEP,,
stormpy.pycarl.gmp,stormpy.pycarl.gmp.floor,function,stormpy.pycarl.gmp,Python,KEEP,,
stormpy.pycarl.gmp,stormpy.pycarl.gmp.Integer,class,stormpy.pycarl.gmp,Python,KEEP,,
stormpy.pycarl.gmp,stormpy.pycarl.gmp.Interval,class,stormpy.pycarl.gmp,Python,KEEP,,
stormpy.pycarl.gmp,stormpy.pycarl.gmp.isInteger,function,stormpy.pycarl.gmp,Python,KEEP,,
stormpy.pycarl.gmp,stormpy.pycarl.gmp.numerator,function,stormpy.pycarl.gmp,Python,KEEP,,
stormpy.pycarl.gmp,stormpy.pycarl.gmp.Polynomial,class,stormpy.pycarl.gmp,Python,KEEP,,
stormpy.pycarl.gmp,stormpy.pycarl.gmp.pow,function,stormpy.pycarl.gmp,Python,KEEP,,
stormpy.pycarl.gmp,stormpy.pycarl.gmp.quotient,function,stormpy.pycarl.gmp,Python,KEEP,,
stormpy.pycarl.gmp,stormpy.pycarl.gmp.Rational,class,stormpy.pycarl.gmp,Python,KEEP,,
stormpy.pycarl.gmp,stormpy.pycarl.gmp.RationalFunction,class,stormpy.pycarl.gmp,Python,KEEP,,
stormpy.pycarl.gmp,stormpy.pycarl.gmp.Term,class,stormpy.pycarl.gmp,Python,KEEP,,
stormpy.pycarl.gmp.formula,stormpy.pycarl.gmp.formula.Constraint,class,stormpy.pycarl.formula,Python,KEEP,,
stormpy.pycarl.gmp.formula,stormpy.pycarl.gmp.formula.Formula,class,stormpy.pycarl.formula,Python,KEEP,,
stormpy.pycarl.gmp.formula,stormpy.pycarl.gmp.formula.SimpleConstraint,class,stormpy.pycarl.formula,Python,KEEP,,
stormpy.pycarl.gmp.formula,stormpy.pycarl.gmp.formula.SimpleConstraintRatFunc,class,stormpy.pycarl.formula,Python,KEEP,,
stormpy.pycarl.convert,stormpy.pycarl.convert.cln_converter,module,stormpy.pycarl.convert.cln_converter,Python,PRIVATE,,Imported implementation/helper module; do not expose as API.
stormpy.pycarl.convert,stormpy.pycarl.convert.convert_to_cln,function,stormpy.pycarl.convert,Python,KEEP,,
stormpy.pycarl.convert,stormpy.pycarl.convert.convert_to_gmp,function,stormpy.pycarl.convert,Python,KEEP,,
stormpy.pycarl.convert,stormpy.pycarl.convert.gmp_converter,module,stormpy.pycarl.convert.gmp_converter,Python,PRIVATE,,Imported implementation/helper module; do not expose as API.
stormpy.pycarl.convert,stormpy.pycarl.convert.has_cln,constant,builtins,external,KEEP,,
stormpy.pycarl.parse,stormpy.pycarl.parse.deserialize,function,stormpy.pycarl.parse,Python,KEEP,,
stormpy.pycarl.parse,stormpy.pycarl.parse.ParserError,class,stormpy.pycarl.parse,Python,KEEP,,
